x1,x2,x3,x4,x5,x6,x7,x8,y
0.23842103718857405,0.6942299333828944,0.48112813183001935,0.7697531436564027,0.34290633838049484,-0.9192522864763631,-0.519139164765118,22.19819052840283,3.3821012128287204
1.727990958983912,1.2011753156418687,1.3607917630267758,0.11822864230991603,-0.46509199818445507,0.9611759655536466,3.6274890556194004,2.715774933351292,1.6114117699294077
0.902404315816618,-1.3511102932361392,-3.7744688897255214,1.1230555695277684,0.8608563864448339,1.1707980329931647,-1.5216345165387977,-1.2333426121983146,-3.574792362982911
0.6411290046075421,1.004625710105001,0.4513572541063814,0.5536303014021123,0.31175012941668206,0.36367886317899395,1.7978332705567484,0.9918962501789614,6.347388059109084
0.3647536762383805,-0.5526586819989397,-0.8651981581193673,0.2151803364971473,-0.28300324799818244,0.7303325957425104,-0.8628269034902734,-0.7959038332945778,-3.7615425494882215
1.3285305848420659,-0.7071524166455502,-1.697211676040189,1.93897017952095,2.5085414096271146,-0.5024866579614073,-2.9079862475855514,-2.3668968657496747,-5.35216724568563
-0.007190090584491206,-0.17556728110039582,-0.15003966478865013,0.6315950631463227,1.0803297372483676,-1.2854768258745273,3.446462595634682,1.253994752974263,2.381534352220843
0.6226472172687998,1.1182952874143577,2.487797955836188,-0.8472871536705956,3.3002357405486014,0.22662279987162395,-0.5573901451795615,-5.618579531563327,1.041859636159146
-1.7582830648355052,1.492853487401959,0.8932905578326384,3.742412537102714,3.318598128577218,-0.3499931200577475,-3.243504117040977,-0.5486521007130628,8.519881462829405
-0.04402305320576753,-1.2595660298207578,-1.9023641171971466,0.7367964392449995,-0.11364102046184019,0.9955322236060842,1.1493411111118153,1.332745961552724,0.44179187637093803
-1.2291037538809595,0.3016482967044303,-0.5103677903611381,0.9495964196162823,0.9367938131453877,0.013355049400808745,-1.2209145433044213,0.3945578231946156,2.135769961439504
-1.2113390254521696,1.3692007851862773,1.566601807871864,0.8680253937805491,-0.2751081393739452,0.07349617556541725,0.8812869137461506,1.815433927422633,6.409231438658536
1.0237517972796941,0.0733354684391464,-0.5980563872616543,-0.8645959778946023,-1.0337362459637953,-1.3739513353260178,-1.004754413003922,-2.1758050253882537,-6.266803413602878
-0.6981077175639423,0.6954045194472109,0.8323603066600029,0.20565044982309877,-0.24230263754346484,-2.48787343208573,-1.1050807024253875,-0.1448214945784244,4.316553779312681
0.6647508645936148,-1.24753511026518,-1.4945463201300089,-1.919114242706547,1.065870468588172,-1.3377885928281046,-3.5151740799889404,-1.442599621263347,-5.84118237134011
1.4921138091220894,2.227933416976998,1.0914245930749065,0.34252014979184375,-3.352477700387591,-0.4164958545493424,0.5609111874501373,0.03424364020243913,6.7097382983819305
-1.4988110196761935,1.512280221270792,0.8201684598459834,0.8574447520420898,1.0312297932957302,1.3372577636275014,0.0679663848346348,0.838095239862075,6.03847898421372
0.2788755911697154,-0.7803671810612065,0.32315406212495223,-2.7212833619180214,-1.4866212773648266,0.7350632626753165,-0.5654889127652788,0.6746674539272134,0.06588691301386618
1.274257371624999,-0.396566974441175,-2.4728205006353843,-0.6009770693951249,-0.2607776102113154,0.21260905248883963,0.28006573728350753,-0.3090170762222802,-2.0244721241310204
1.315973125490044,-1.6183599423605781,-0.5188883547130629,-0.4662104640199287,1.4758649845861984,0.32873763608538653,1.3750350443025794,-0.5276829841830164,-6.827341881181718
-0.6997525536773818,-1.2577359440135334,-1.534564968824138,-0.7884755095426013,-0.7612073385876643,2.0538105477157114,1.6882166309351057,1.2975562133426986,-2.713229357135714
-0.14652301584014302,0.05113689034483611,-0.4291780414822967,-0.20648786727347807,0.17463698118360862,-2.2801115711654663,-0.22421003325718009,-0.46939784919403643,-1.0848737485481696
-0.10625373272650461,-0.33267931569080084,-0.6075591640210045,0.9192156115424102,1.6530440576981302,-0.20119189806514226,-2.1198638540243104,-1.1177967025735862,-2.2114530921540165
-1.7823156457882277,0.6139124919311283,0.24313368084256154,3.956115933696382,1.8219550739781418,1.515045722102913,0.2686866869609198,0.4688381949379616,5.8701893695236045
0.03451129375157487,0.26126492961189773,0.6684211844479458,-1.1387609281010325,-0.5257995050116518,0.7944839084965266,0.10463405876633453,0.3777857213544171,0.8101083845336058
0.864187483995834,0.6956136936660905,0.8316753857973891,1.5280394432260196,1.7059355764541306,-0.5085030898229088,-3.194135148662436,0.06037273069162461,6.210654690780015
-1.9891026439805728,0.7193601879832673,1.600829071513876,-2.3036433759965,-1.0343057052314508,-1.01741774368401,-0.349602479895356,-1.0805159939141782,0.34869882135501395
-0.24455582141322105,-0.7826581080458666,-2.2847621523618855,-2.4608986544921674,1.460262356222431,0.8795101578390156,-3.7497905412450536,0.004007378136697985,-5.461501408598775
0.953491972218104,0.40880402032481095,1.9329172076875962,-0.9794009275040682,-1.6038369991641082,-1.7411034085945596,1.836546014186152,1.0546227017654768,0.005494887363787379
-1.536630915130819,0.7141718228188554,0.907265167139213,1.4435766118429791,0.2627508505509294,-2.3300431471580563,-1.7247912563799341,-0.0317473238981351,2.698665608773042
1.2964742302007732,1.4156956255111879,0.4453140675675272,1.1995108226930196,-0.15185553319329198,0.8705065565650338,-2.9651817393296627,-0.03216266567102747,3.3247387581242505
-0.7370935200280543,-1.1935122489756005,-1.0353558977931796,-1.7303243679874687,-4.267416638332476,-0.007067086587262958,1.7117407305814665,-0.3719636668537422,-5.855148041971031
-0.9065999294069337,-0.7516161767375773,-1.0243672012958362,-1.75997777541331,1.7792993550857557,0.33324495862172326,2.1823221125544805,-0.009480849880573699,-0.746222061403091
-0.7631806414872947,0.005492602983406526,-1.3287789800447252,-0.8927471158203506,-0.5904510070502055,0.3424423465630168,0.585203019146673,0.8896570848141959,1.640984671150549
0.4643784235602837,-1.2502646933588921,-2.092146000463897,-0.2536534278441751,-0.6064459731464855,0.05660530265009101,1.8663978019958658,1.0485271782504955,-2.1606332770427823
0.4850567071199344,-0.9113294109149054,-1.2840025211168817,0.6705872391834125,1.3612532823077155,0.3656460424339648,-1.7265726636679042,-0.6839986081080381,-1.192708237550977
-0.09955636030219464,0.23014529871815648,0.778037411490366,-0.45782921049688496,-0.12685420937743846,-0.1035869787369191,-1.4768906906353305,-0.6436469849829108,-2.694998349475939
-0.1014265393556378,1.1353859720548258,2.208563745022323,-0.4417418836902234,0.9556047080163961,-1.2449147966492575,1.5800115825217644,-0.2842249385386747,3.4899841230914834
0.25936250751737594,-1.1714292770212342,-0.1530053912307885,0.023725464692408972,-0.6344836863451291,1.6314091729311775,1.804048953843611,1.1513568568237422,-0.038643660007943365
0.5536305558328517,0.16891509209702557,-0.16156023831610863,-2.038703067984954,-0.4244332571110777,1.4303487141366054,1.2100399043604542,0.12547783444744282,-0.06502217578989011
-0.9367497785770085,2.5475968591320135,3.0890852722879183,-0.5503053138538087,-1.1866750915034054,-0.6205966186302887,2.1143466325996996,1.3160796152272431,5.905299890351798
-0.786333384313541,-0.21790151104198457,-0.14536833565498297,-0.4020189291287254,-2.3607037805430258,-0.9596429417245179,-0.8522633658024573,-0.30223067466221587,-0.33462793652844114
0.23469871260746242,-0.327917112365343,0.35094532036429166,-0.12259379548094729,0.8826357543564646,-1.0524671517247102,-1.2314170401381515,0.16694392448794745,0.49704771349818366
-0.24837153557145208,-1.3454090175854525,-1.1061980355418881,1.702952494969081,2.5272958248607007,-1.1768243629111899,-0.1955523898018966,-0.7519677085075446,-0.13512253858287848
-0.80639074352105,0.09922802429353676,-0.40564277428141876,-1.3168314631852827,-0.5388683013563947,0.04036459493926078,-0.8586418933073238,0.10501365859469282,-2.571033401588637
-0.7261106844066182,-0.1701819483807713,0.08670632194251573,-0.544255347033309,-1.118418027283003,-0.6569211486420654,1.8599904900972262,0.9133373982991985,-0.41346805871791625
-0.11992343651622944,0.37629848895787454,0.6339418472123319,1.1381670305751073,1.327997181677381,0.5042117022230375,-3.428908813714477,-1.8292448633704272,0.9054128753307142
0.580861974769349,-0.5612407353460117,-1.495663939472001,-2.957355900593872,-1.3064052954968202,-0.6821382601774784,-1.0782971825622951,-1.3681978414461762,-5.754712069434766
1.0419703812747432,-1.0264558405233446,0.8557131109601455,1.6175631094497886,1.0537948830814199,0.2728262298324613,3.529916287237805,0.48763154632385713,0.7964826830366155
1.7252499329329383,0.7326436316145369,-0.7208154531285426,0.6804281705560958,0.09627550250551707,-0.8035579320289385,-1.2723706102097183,-0.052971318462234095,3.5295641130199478
-0.39531874800869604,-0.7360960279613289,0.20134885301751582,0.6095567676334923,0.04212001559683988,-1.9636304127511477,0.47657311508987743,0.5765662798680534,-0.31675495693098815
0.541078351266719,1.5881980068049821,1.388245688943159,-0.2848456803693144,-0.07994739885260096,-0.631645121160907,1.9413581438273102,0.6409238224301891,5.606465795852466
0.9107129507900489,-1.2988603734438742,-0.9827314647337663,0.06375056806897877,1.6326484921518467,0.5759701656015218,0.6585155260249471,0.2790375843834417,0.9093714119578622
-0.6129645273620856,-1.4558072142506102,-1.6664360051363192,-0.1476635949531434,-0.019550658161683762,-1.0463644377933707,-0.34527143852986214,-0.4151169805687372,-3.3987848678637853
-1.6138830379561908,0.678406597047676,1.2986475236147372,-2.0639394589370545,-2.6892189992634092,-0.25153873553894196,-1.9098506193485383,-0.5743708937980864,-3.430234632052691
-0.23105092930788473,1.9696688792953054,2.7027230975615684,-2.874871478173482,-1.7319151550508547,0.4746461767708314,0.843067824481793,-0.5297284771662009,1.1782754946119638
0.8567344061893452,0.2773336150200624,-0.12122005465884633,0.4044132907432688,1.1729813048910278,1.9266348352720888,0.528368836927123,-0.1521380651622629,2.7489410794291222
1.5853207641888891,-1.0926735533397394,-1.629385305775117,-0.9488267866005168,-1.904504697247254,1.5097480535918884,-0.5861193903390911,-1.5428192960549196,-6.353516538950356
-0.44536165841859243,-1.0622572971130182,-0.7589714183020839,0.5643118008916566,-2.4287870555240527,-1.0145879056508478,0.1370246990794819,1.0701881160057964,0.1156220956139721
1.1864668379522672,-1.060278995533488,-1.1090349404605337,0.782405951310476,0.3832973844204163,0.41200063539231735,0.47623564732729423,0.3496163453365726,-2.0043541784898626
-0.7614620557948767,0.963497449023308,1.4178541303735996,-0.28702982171404884,-2.857274149314803,1.347474726347514,0.08825712800371788,-0.23415008238112572,0.7981991035007534
-0.19003786058596964,-0.4841738561072873,-0.7082669011550425,1.1673085829870686,2.572603116631901,0.046921176180918005,0.5712641340381092,0.6136656402601092,3.12641408814904
-0.3656256360227436,1.0618058844064917,1.1611384436556837,-0.9003120731890847,-0.3721991998144592,-0.9983633532729237,1.262646458616802,0.7446412771438571,3.2173629480872274
0.12151146935748917,1.0783449486303647,2.1899045569116415,-0.8484397452832213,-0.935262415448925,-0.16000469817730184,1.8312012727299323,1.2550557696298115,3.795203731157093
0.6842929917103128,1.331549570255818,0.8176860802555393,1.2143434348549726,-3.5238460124805675,-0.3100574084254372,3.1933606449951033,1.1086677181213695,6.158213555818077
1.23292804014535,-1.3091618903981763,0.2289965381896304,1.0631991082639405,0.9340922419352289,-1.1846307710659123,-1.5190708926804972,-0.6233523110777053,-2.342484325825337
-0.23463961091128033,0.5762923160891107,1.8492973451639048,-0.2455972278890619,-0.954222454352277,0.9327719989215716,2.115608026034809,1.5231681401399588,1.0643882442289896
-0.8667838084826247,-1.406379840333763,-2.0748464397071125,-0.8624057478896581,-1.0659203499871859,-1.4404639289556356,-0.39276431994489824,0.578057466406155,-2.364241645142346
-2.027008855432789,-0.6303669681279594,-0.31371141581216133,0.02839335753512362,-0.9949206059153395,0.2230175564133006,-0.8204610076416321,0.050226427928937736,-1.0309590301596088
0.09386159627983419,-0.006382583761717876,1.0322419419211337,1.3930079673459652,0.5517633202926184,-0.03481304152895306,-1.1762844228818383,-0.9781657632622744,-0.9832862365832168
-0.6302332367416766,-0.04950317628163865,0.5472763338111675,-1.2451031403631667,-0.9030783057836893,0.40820645997007865,0.7725552081588456,1.1047537078629361,1.0314249463318992
0.5764793499373326,-0.7613942662956102,0.3159748223827833,1.0667294857147973,-0.5058111189861548,2.265646495244368,0.3811589005797248,0.18696449200809068,-2.4438703798960297
-0.11407428588444396,-0.6189505382228849,-0.4519093334964199,0.13090156851600293,2.893813802534804,-0.17478664238318647,-0.8447261763775559,-1.542830491161868,-4.2836020534481
-0.7942788992815051,0.8626032849656077,0.6739459299398597,1.2001117142060762,1.6419154072341824,2.229759322234734,1.3006540913404268,0.2642949676663946,2.943222514360576
0.40772433518894124,1.0703400033489625,1.2858992886297063,0.014504053195960376,1.3067909745995485,1.2696883721426053,-2.027581399930252,-0.9121850068844787,0.533739436973705
0.4078707590192781,0.17491785062888246,-1.6096001113338283,1.2156418665682718,0.4659853337653469,-0.8106403949059722,-0.9807424018134815,-1.2999831453426507,-4.087500831883725
-0.9999592831562006,0.9783155786017367,1.58363730925843,0.5250589346915024,-0.1378002295914708,0.26540295642263734,-2.0010806267868184,-0.5548625810275197,3.6879320761770558
-1.0619125327662924,-0.3263750412234201,0.6912193549432761,-1.0224267998051666,-5.506829424125285,-2.7902892261012093,0.6874101614480992,-0.4470363896924738,-2.508376860960197
-1.0791372820686191,-0.47619948663647343,-1.8277426338075757,1.209567844966791,-0.970276189504565,-0.17336298668501177,0.12951197190435043,0.16353720618053205,-0.4865962848251512
0.36786744760434825,0.406616766383934,1.6947450990783175,0.7972161719159229,0.042204914129202575,0.45969181824279676,-1.08723379040068,-1.6911453357675377,-2.7399625145792617
0.36425846927939254,0.6158183954581989,2.7159309905751443,-0.9605925349300555,-1.1807324083580244,0.28156074241745427,1.4684148131913726,0.7581745502282943,4.223404521407737
-0.35949869862799844,-0.21702072949380163,-0.18061023184141345,2.538436242409436,1.9761024477626183,1.4044671762161307,-0.055841772156631386,0.40670091961557864,5.5254817568146
-1.0659531336678463,0.59385537554076,0.6025841841948654,-0.5657262424568393,-0.20196987327830893,-0.433189557275121,2.991163611153513,1.0841833557964737,2.4029845840285047
0.8020506701306891,1.218170675885576,1.421483208943282,-0.9923105182044483,-1.476111318799261,1.2243607202798268,-1.153096880345506,-0.574303715390037,0.8209270965911393
1.1491178836826397,-0.7969866901195669,-1.305781940281874,-1.7741859944307656,-1.3201926966740827,0.6046674636809742,-0.9572218306650836,-1.363095458744321,-6.653851531665021
-0.447681332049839,-1.383071264189322,-1.3220707031429808,-2.183551657195706,-1.8738598274801996,0.10366833387488597,-0.9116753385433812,-0.35798606112895426,-6.265677892596768
0.5327053867595533,-0.9140494182051866,-0.2940075579871998,0.48633651404677836,1.6723261584223923,0.6704092928592111,1.2722006082565671,1.2013101774217065,2.329360553652072
-1.148921128772632,0.47984061310698534,1.8948469572291247,-0.10163959317957291,0.29292897679752455,0.466919539362443,-0.0928701210790206,0.7599380627141458,2.08039805104233
0.12351650655949949,-0.9658596686912887,-0.10721246523358474,0.03411402339776226,-0.546027033074928,-0.7399366077711997,-0.4209069486306478,-0.9941098769090646,-2.585557596787031
0.6994917632957658,0.9250878280972584,-0.9174633816167636,-0.2962321583995292,0.5279475294643509,-0.44410937313868193,-0.7376703508424574,1.025635192832684,5.8762945619203935
-0.9505757977266549,-2.332714949339308,-1.6270178684579601,0.41151738642279656,-0.3016123608176512,-0.08348486204326425,-2.1818935580298144,-0.317088444297016,-6.443669627583898
1.7838922297069602,1.0545798451392128,1.3479168183777044,1.2615439082820388,-0.24467726571783335,1.7180621867986616,-0.46001887395851826,-0.26202074564438543,4.575977135575587
0.8918811138484135,-0.11781036515490448,-0.8516456045299643,-0.7382002263515932,1.2006224356451558,-1.007307943984232,-0.9425042819608229,-1.319484451403298,-3.8421667880985857
-0.07274892505078251,-0.5338841936323468,-0.20752251357853235,1.4991670311532432,1.215942997196552,0.875745552158417,-0.7676400287558695,-3.047673654314017,-3.1827446150099137
-0.26746919430875704,-1.111555106663089,-1.1039086246121834,-0.9267056321629894,-0.7931564220283833,0.6897036473187615,-0.8282140969276885,-0.8504176256219417,-4.012417668349964
1.4660756493334919,-0.13405178675273366,-1.2898514671560601,0.5442541269303267,0.789623852601242,-1.1459480010674037,-3.4999189075437007,-0.4220949850783635,-0.6674456216458178
0.9474978752737099,-0.1761117365005681,-0.16701320089434357,-1.3621602690046914,-0.20860389473350438,-1.306790546567653,0.5387632757600846,7.145562550563816,-0.506184771813165
0.2473498665534888,0.24070639331238383,1.0483910409624575,-1.9022974512698083,-3.28977095593063,0.6719561115613814,-0.05198880163791131,0.9570580731993843,1.203957605313944
0.5806017957805324,-2.039035244404884,-2.0038471075027107,-0.5666476864458021,-0.024725840563399784,0.11898654640642926,-1.594045805892554,0.5004172578820184,-3.0760707960496916
-0.11479568917594629,0.38669753421385683,-0.5286055962334966,-1.740561796496594,-0.6819782485475726,-0.22650975201901205,2.4002119977290888,0.81838579533014,1.4835920488568028
0.35015151874725076,-0.9121397576238313,-0.536224342147928,1.411433138626712,1.2874239746419986,-0.9350511650540362,-0.5320657696018052,-0.7290634919661753,-2.2528120869611516
-0.47851776247333083,-0.9719454525353955,-1.200383724140757,-0.38260353439520384,-1.0527007914008026,0.4230645136410847,-0.6066506328907422,0.27316135460272617,-0.8055404983985119
-0.5934602191919081,-0.0619708939870212,0.4742944847866641,-1.2521448494926788,-2.191352669205487,0.45170004181336837,0.2969521683715153,0.15842498311148795,-1.9879267203772715
0.4498077792113778,-0.9059813714354965,-0.8020494265644673,0.5050260578312975,-0.09988242316393492,0.02591510098320872,0.01297586039649451,-0.16984022791717376,-4.9895576444566245
1.3932920720800992,-1.3322194247665557,-0.49687347504116364,-0.6409759204269784,-0.6571895192562991,0.5289338458473323,1.188120310413932,0.28756585321744776,-2.900243747406541
-0.5739543625436284,-0.6689542319995941,1.8515750526295967,-0.7529358154974393,-0.6997971863672646,0.16946974177108176,2.217434204659038,0.006013550779361015,-3.6081440690180298
0.04351725445326174,-1.3391251481577635,-1.482035226607166,-1.1441088852398238,-0.49865494240085434,1.3307641329834965,-2.2333722246607675,-0.7053944308198465,-7.189118903301724
-1.8558726707076443,0.6030674459227084,-1.6784143928042266,1.2326677982488046,1.313242795109121,-2.330120298050636,-0.6445782604979766,-1.0515144255131048,1.3840284771831097
0.6889598629447977,-0.47093038763568507,-1.5661066094136653,1.322954815696065,1.4440445253520031,0.8635346653195278,1.2640302119433962,-0.5023045377537404,-1.3810916418017936
0.16889092802928127,1.7545093704076509,0.8078718837116977,0.18667052440351048,0.014555477059143312,1.9149806930629123,-3.6611488375868366,-0.09439096690730758,3.635605208188218
0.009923874724698674,0.9397505579479184,0.6524759971230788,-0.043615949002430154,-0.5241490927936334,-0.43890044377290527,0.7705848693566626,7.602828952155011,3.916901306953132
0.9699061009124696,-0.22766200579239082,-0.668499446957337,-0.24453024011862506,-0.4975052141424758,0.12276993775613651,2.9910229457663453,31.824429550620913,-1.339218568920968
0.9931222497521135,-0.12372960906670641,-1.092122261606613,0.35270323889584,-0.8777882933474975,-1.5509821383923472,-0.03516526695126876,-0.2561415466018957,-1.0481391717788735
-1.0066260296384926,1.901946264121142,2.428743417410286,-1.1235181767531044,-0.19955833110624907,0.29529907230841485,3.4373261193155615,1.4343459434748256,6.170961600612586
1.225114024668764,-2.104921767936321,-0.8022911877427645,1.5054134784696538,1.2855140496887068,-1.5363033222195746,2.8929587907307743,1.6148469304465844,-1.8104850820979528
0.8746054364750759,-0.4045838926776082,-1.1626721845061938,-0.8804815438513707,-0.28393254112956023,-0.9758690441212267,0.3705487911329398,0.4981593317542302,0.24946491848034902
1.3900408678520184,0.4963542989909459,1.0614480647439763,-0.016802187227055836,-0.20943579345742325,-0.10682195789521569,1.4036566884039934,0.9267273183577245,1.022574251239037
0.21564864542804132,0.6430997136086236,1.5729928632038153,-1.2400811537746579,-0.4596087633588136,-0.9076454743791481,0.5972084046331438,-0.04272926428305098,0.4228858565868868
-0.5231257639990035,-0.11680609650774341,1.2571092528344403,1.4716449596540677,1.2987473769755888,-0.44287023825191196,-0.20661906091310736,-0.35889174438859156,2.217776657615856
-1.6760486735431497,0.1788629565428882,0.8602216227205124,2.4392868104375407,1.7099929649493217,-1.1264137497962021,0.005549039402585887,0.4482933951867634,1.9656684748228814
1.6921625395148898,0.8242862444956104,0.9348045215951725,-0.5182158342469485,-3.3816674254581587,-2.1160105559825957,-0.24185868649025666,-0.7070675245502241,-2.1135200922651602
0.5924020858640917,-0.872654577958484,0.9315187426494347,-1.3241558232218358,-0.5486700046620805,0.6004709282444709,-4.692917104830198,-2.196064662864293,-7.822821292542298
-0.4107867701893428,-0.24667638315186513,0.35063560984804254,-1.5774004706194005,2.296487570568338,1.9164284625297892,-1.4720156229403092,0.1454761233266868,1.3210985507877702
0.6608642173229148,0.09231851024713723,-0.6177263181663397,1.168059844012396,1.4841701829068787,-0.8045063764709353,-2.8304627690492596,-0.5219381368826606,2.1044805838348157
-1.0122123169758621,0.6550874306369583,0.3244964157447926,-0.442723766588515,0.7030558444840935,-2.8592725474757743,1.0540658605688846,1.6752369632710875,7.895837886521836
0.2552228692598509,0.7421083525087709,0.7267893888429003,-1.7300092038903245,-2.2431961035290557,-0.545673089878077,-1.1323673227065467,-0.24757648192283999,-1.351106477005723
0.46720369029981146,0.8146540365931183,0.8052689538782358,-0.7516679233435465,-0.7075538921861277,0.6893184559319981,-1.7238705088855069,-0.990340980266735,-0.5781321335365506
-1.8411970983754216,0.4296189944363966,0.6466471826932408,-0.16109047418729394,-0.9662062100984,0.19476616024964122,1.7795729392494053,1.788629349940247,4.094023472396335
0.5346005056371608,-0.4019345702708302,-0.4910401326183271,-0.8592468563673973,-0.5498436928741288,0.6358078863631893,-1.5621162795418309,-0.6840196510482203,-5.13916145699679
-0.569970043003449,0.05909836287943649,0.21920060787243628,-0.4938562401051346,0.388368727567672,1.5496026955790883,0.1646964004618643,-0.5785128498125764,0.5551954553439056
-2.635752586050581,0.5714825445382848,0.39734809175459834,-0.5371135129341745,-1.1920970281749377,0.954149506964714,-2.6581442082150533,-1.4622869476571314,-4.051999406842928
0.24825262413735066,-1.0765894406074534,-0.6735349942056719,-1.2087442282334249,-1.2338720609565574,0.3432337862273062,2.3110695430932418,1.8458431471837213,0.4770313278754261
-1.0411665875181952,1.1275046435380267,2.776795408628754,1.7827900124144538,0.2558981405674578,2.6029192629238747,-3.9082442431973945,-2.2872771540408867,0.7903226798311942
-0.18622547267706735,-1.097425251335558,-0.586322173638789,-0.37639806402900944,1.0838912142222155,0.6319228390965254,2.0552571306741627,0.9659335069750582,2.1946132852324194
-0.09493179265441568,-0.0936795397487446,1.1977904820405287,0.12418296843535752,0.6240555780593595,-0.2503013512797901,-0.06679253966486964,-1.476581694310342,-0.5467604126639762
-1.0271928497280902,0.4228863178856699,1.2239810488836378,-0.9825544302037676,-0.44436506720818825,1.1098992747572431,-0.30196049689401594,-1.7554598472592635,-2.187211433704982
-0.32986839783782584,0.07730934390457765,-0.11978357958057227,0.1243743945686184,-0.23713824640286793,0.07085749439085363,2.10251959407842,-0.2497881806052358,-1.1027807324464247
-0.8309520208442035,-1.3188594865372898,-0.869639863069562,2.5462762461045445,1.8891365056219385,-1.5968727684336512,0.8655069397543664,-0.4305645367442073,0.515275834192911
-0.9432567410260996,0.5993350463232272,0.4623904296719746,0.2973246234487326,0.1321931998073136,-0.36251278586492724,-0.3029658225672256,0.5213178275718741,0.47047819648035505
0.22058236570768386,-2.2064855766645395,-1.5327455279929025,1.8769874510288282,2.0240026533207125,0.7863390124849787,-1.3697782382755916,-0.9788095427436359,-3.4078688510121626
0.7643529036879974,-0.7126926329979238,-0.29097571348787116,-1.2164499223194158,-4.247357599010186,-0.09984785195376622,1.1506467572906938,-0.1262817764272142,-2.886659726368351
0.7935929608621802,0.2059093833497725,0.4595584854074178,-1.7647201219464739,-2.6986254613024676,0.5057582814959836,-0.1009397769573781,0.6689586425670986,-3.1743287740664385
-1.9738700424785147,0.4122877099124069,-0.09478774407890705,-0.09445125280817968,0.631765515792716,0.19370649270064175,-1.6508451931388988,0.040867207736223286,2.963775479984196
2.6026162096087635,0.13343440887108163,0.7834895777831191,-1.556113962246445,-1.9143328681031893,0.7637032166277841,-2.76309930735293,-1.2233485029570381,-5.401305513226758
1.6272713988292629,-0.9726726782559474,-0.026047250740744432,-1.1969533105238386,-0.5279521919863653,2.153932403055161,1.603584955837813,0.02606976165884702,-2.8027820593734223
1.643554877161542,-0.24834590427092287,-0.7261750487812667,0.4792889888441419,0.4965633739934561,0.5136664446796266,-0.28300293832707246,-1.445610765187866,-3.1805239329579362
0.7529821839319519,2.8337294173901197,2.951580952962174,-0.9103181228460975,0.6242626230461101,0.08821904234639992,-0.3563811311705477,-0.15155604953865967,4.171031608790466
-0.33104311045418683,1.2711288626054331,1.0697016021732648,0.5956007399147197,0.030532509934854075,-0.7274958492136928,1.4380005685874377,1.321500252930303,3.435737989252425
-0.43734789166353155,-1.890055418959701,-2.6853271582209794,0.18724050175594997,0.9882314279364506,-1.1352710297014128,0.8622366983465358,-0.3893656430448308,-4.10775292666289
-0.6788045712802118,0.058787187487475724,-0.18753530960233064,2.4281347621481753,0.8056384682753215,-0.5880250499077433,2.336365520760608,0.3854476559847785,5.228446505634652
0.09155724995599708,0.5585362346351622,0.05325035336403927,-0.5032221429782151,-0.5823503310926683,-0.6672844017831226,0.8384984618461958,-23.763650982254532,1.36941579789449
-0.9680326293929896,-1.3755226852014066,-1.5481788671122432,1.4452939672363065,0.695546383319665,0.6253381219790705,-0.2311879591009699,0.14419841400405675,-2.318254480647928
-0.08970739932228301,-0.7783616315317671,0.13281184447610284,-0.6726814336760834,-0.6052178905605851,-2.296667240159396,2.221437973008119,0.9639353432914445,1.0229869532196734
0.5169203795318735,-0.4194602782032455,0.033172953555707485,-1.3233142745392632,2.6406814608874285,1.0851240660356938,0.9960901797448707,1.0843624918292156,-2.6888973189782845
-0.4523907336128048,1.2916180817140992,1.1294566730100202,0.21622223103551885,0.42977653368727153,0.021323973307752094,0.08061402824536845,-0.9086532183207855,0.5136439414219485
0.8929765537811072,-1.9169443241519504,-1.3012006252086392,-1.3053449508360455,-0.5689505460572211,0.08315414194814887,-1.9911135310853405,-1.2746741832382624,-8.377627215562336
0.4342168994791421,-0.48804355383917153,-0.17400071839458175,-2.062997275077035,-2.6978285708535736,-0.9801891186780807,0.09735668432349454,0.7054939670192343,-3.8027483944336318
0.21438972773679968,0.4882147952825941,0.2646262017936223,0.02224519143951099,0.19534748423901616,-0.4682738222390377,-3.8483911443346965,-0.6441579122173252,-0.8945052983988645
-0.6444301297361409,1.0556878382671784,1.0219768169153929,-1.402387030610321,-1.4655789774356012,0.36961825238605867,0.4081288217612573,0.24341834148512392,2.0523711575246337
-0.2192803132283864,-1.3125777158160483,-0.4860541634660649,-0.04067660644835164,-0.30370552022680636,-0.2039299278247409,1.0693547217245258,1.3013177084617635,-1.264230549981828
1.1038225144579519,-2.138370671157596,-1.8737031898343879,-0.8154630559555802,0.009343991529507614,0.24209875522709648,0.6636424930898237,-4.503880584563223,-7.536784136343711
-1.03841832283473,-0.8552101530420875,-0.6835999663460381,-2.4083971741439747,-1.7329983559876605,-0.4982480840587654,0.4556525203972363,0.6675757913497925,-1.2546678356296885
0.09207554207435269,0.0695564455716261,0.3554493293798014,-1.8943145737157918,-0.5576799362979267,-1.2932522584993615,-2.370409576567641,-2.0324626318498167,-5.063583436010365
1.224687625925082,0.5707101396813796,0.7702555991259893,-0.227902890494596,-0.08006595279739981,-0.6794259424113669,1.3443383404956197,0.17341314397163043,-2.059915756519194
-0.02997266859184169,-0.28986831036305005,-1.8069127782953482,-0.2325808011449252,0.16149469452815024,1.041699260810298,0.12864763198038082,-0.05821401687286633,-1.874756632190902
-0.3764160081005947,-1.3448764902480501,0.16017952023688786,0.42326240162043294,-0.49958677748264413,-0.016718371666572203,0.8556587600226678,-0.09714844659147784,-5.562859573702762
2.322486019578983,-0.17273799557533023,1.0807841487317802,0.9467061144486133,-0.34647206374946216,-1.382130579851695,2.946099229329043,1.084819341666093,1.4611078736693925
-0.1674428500321384,3.158580821520101,2.816856675508765,-0.14638720433847618,1.035910582308935,1.3027880126342652,0.5914408016483987,0.8459984493600066,4.890813277481467
1.046741534096512,-0.9317170089662846,-0.8999988647333059,-1.8432373094508794,-1.6082273327204224,1.8308897786320515,2.8430923868488547,0.19426328796795356,-2.5139242396213
-0.4029064035646284,0.17879804661388388,0.6639361994686083,-1.2001308560890722,0.33755959498975274,0.3027233196936689,-0.7522719246828149,-0.8398537153988004,-1.0982258447880622
-0.10853911933618796,-0.3736049103457086,0.5658774312625385,0.7607344143846948,0.2793165154802266,-0.3699964824682038,0.9275706439857989,0.6925048069889955,0.022432947183532947
0.0730675314505829,-1.3017052928755795,-1.5919603776614437,1.144937968884919,1.4010118657206474,-1.0454282421190908,-1.4023954474448448,-1.674243923704914,-4.566529577728045
0.2729418497128988,1.032451708001956,1.04581935840283,-0.6422727659913093,-0.1919710736165638,-0.13393046831795374,-0.6319608765069529,0.03672923810890296,-1.6950714075896032
0.04985248789707798,-0.7719633529368369,-0.3317871079769428,-0.7912315699099427,-1.0004244289215578,-0.5947269391061284,-2.2271403069890905,-0.2752674648232765,-5.734086423376301
-0.2737560502316557,-0.46685552652457113,-0.7884217156299427,-0.06895545161408381,-0.1302033051403007,1.3247924833036564,2.743589184017538,0.6480980149185028,0.0718424258063361
1.269646438885835,-2.054078402191388,-2.9338991050977334,-0.22482158912709294,-1.2265917490815506,1.1230922456988846,3.3712597486949414,1.193011935943415,-3.767267593558942
-0.23693317138378103,1.0175509420740458,0.9902529763998582,-0.008419927008612493,1.364228063397971,1.0001470872118252,-0.8040609779742388,-0.85892459478956,4.66027622351785
-0.26581783618900384,-0.3426385341578427,-0.7766716781073167,2.273345881016496,2.0891758696385523,0.22278381328539404,-1.592014958508127,0.377816261642509,2.887986392902909
0.5802494206225025,-0.4126416100056344,-0.1645057029277297,3.088795895144611,2.2527102904265672,-1.032214329161063,0.24634849495346822,-17.161456032049795,2.138020255588705
0.09389583794987086,-1.0538362709378832,-0.6514958742130594,-2.0615757014131253,-1.3703746870104478,1.7971158457660026,-0.9718930662564012,-0.7082623703585077,-3.1209906026564807
0.9558099619924053,0.3445316504621545,0.417366690486499,1.4216088874181856,0.5531225725051929,-0.7834155427531796,-2.014149368353579,-0.11308443987301173,0.6299282115368131
-0.8797668614218638,-0.7874955819784065,-0.0573881844405737,-1.0897261470376387,0.09636482519556788,0.3678346671205059,-0.07499048723941282,0.13410888154894168,1.5034514889093615
-0.3750755352145638,-0.885535126730743,1.6413303306227618,0.15759594698081714,-0.7622424694697795,0.15463443608401778,-1.2728528152427543,-0.553759654991666,-3.033760350146892
-0.40857822946803246,1.52690820637172,2.3657537440632472,-2.259011145485969,-1.4497251599954735,-0.38433568130082424,-0.5026271473256272,0.4502348629330654,3.327379190614397
-1.0776117198695616,-1.1528904199899264,-0.2870537749015425,-2.986349973854153,-1.4840780304288104,1.258245866098007,1.7231891034036304,1.29461423225254,-1.4888445118248255
0.40568640389870314,0.20347341263987323,-0.32411252686313824,-2.5246692366556256,-2.3006988729471582,-1.8754708042152042,2.1360232131122716,0.6984703887290971,-4.990709408054389
0.24091791668625645,1.7931976219990071,2.142567410861288,2.328181193972748,2.322182919470043,-1.013921487311988,1.121731080905666,0.3178724016454357,6.053148678876404
-0.6349967124598074,0.9745004000712432,0.1384935665989011,-2.338579878779897,-0.8229413759486498,-0.7837666135009526,1.3374575066927687,1.0704854465421145,4.135375266956649
0.2616158352747455,-0.2623655466156426,-1.0877341848052176,0.22062703159073804,1.0425051807063108,-0.7607265353707144,-0.8577964671357586,0.6323630940927135,0.7137803117162191
0.4463573867875834,0.041989451162348125,0.4065771007956209,-1.16631377188933,-0.9213672432820187,-0.523342806381297,2.7604956636389617,1.6962400096279688,2.586116427664981
-0.28380226334459646,-0.6653000508416491,-1.0672749107084196,-1.7301017028550443,-0.2673697020137101,-0.19977692814553172,-2.8810287168112176,-2.1085366427405985,-9.053706385642533
0.19628333023821626,0.01858553727875005,0.7672560793512972,0.4938454860525467,0.6430644048467513,2.0320201817564523,-0.8330476872797785,-13.0148589784961,-0.28012875566041817
0.37702842440800544,-0.9073940613351689,-0.5748130867328384,-0.05009221847986378,-1.1612302363477742,0.7857815392967646,-0.1568072738804802,-1.2557031730598227,-6.598873912879281
-0.8525077521278295,-0.5800955092753887,-0.6012331785878299,1.047030954379041,1.5201140739497172,0.2708877547196353,1.1738901953434815,-0.983794942756727,-0.9064423755665472
-0.6458893365693776,-0.14532525073786193,-0.7071889480608798,-0.057897221752947314,-1.7293321649681521,0.39209904672944657,-3.310218864292678,0.012845371475806553,-0.9593878435447469
-0.8283601741796978,-0.4070151297434999,-1.3825730171877184,0.9145440067819495,6.104225203441002,-0.5633481375700036,-0.43665095399622156,-0.9957778374849687,-1.635265403638087
-0.0114984375344536,-1.2340338133719801,-1.4847633956105115,0.597564135924431,-0.959233648688359,-0.9118790790160121,0.1945733985530982,1.5280222514530737,0.7038450337371602
-0.2731835214069415,-1.5725356264913957,-1.805462912614476,1.8516585975817392,1.3767517156632365,-0.1809894636040613,3.1139847063593864,0.4481709773339074,3.690515224677839
0.7698054333203652,-0.04725750684297579,-0.0361642789272619,2.964225365774772,1.3569543944429439,0.8491678476325454,-0.8101006400595961,-0.8620857750606672,1.433511873013234
0.45387289849622814,-1.7255330952511954,-2.05744915917646,-0.04969962371579262,0.6107519563084526,-0.5438451759700113,0.2957381366398898,-0.38094309406309523,-3.1758299248813713
-1.5793739017635071,0.4871471678477295,0.7961779312284955,-2.0722157271946373,0.029047339111822182,-0.09032418218289784,1.1471681332015062,1.2756363690599601,2.9079716015643013
-0.6724522311762053,0.5576520342613123,1.1116846665310245,-0.5236789192302864,0.8958807157758821,-1.0479071768477517,2.9255040884327705,1.3463780771074891,4.691217124432413
1.6105784487297545,0.6775037195893876,-0.26312706539994224,1.4345699919117618,-2.655961958044184,-1.4938565093008425,-4.380371761868961,12.501356248670639,-2.5178396602152824
-0.14546734253688962,0.04526385496866948,-0.4186383260116106,1.7702503836433734,1.0843991929369097,-0.13367022211194715,2.87549148237726,1.5006283692624138,3.8466826944816486
1.027124643874583,-1.2916239608293751,-1.74025911150185,-0.8877424252613471,-0.6330398324359732,-0.5553755599709767,-1.205559148363123,0.0003798105370376218,-5.768346536184151
-0.14856847076653715,-2.736343946880862,-2.783249205486739,-0.05608895768263489,-1.0375073454183266,0.7540571646613417,-0.8949089525660864,0.5431587900179472,-5.373125711511283
-0.2518187611847473,-0.4954349517283999,0.5575621393735407,1.8177662909381915,-0.8116427079216473,0.6834031119797959,-1.2961259196847021,-1.1133119553736384,1.6091899007224069
0.8850194451660612,-0.4750856789924338,-1.205462382650122,1.0999778863879133,0.468860240365792,-0.25698484437348884,0.7720344886348365,1.657995831069352,2.2482250361509246
-0.7566380671567815,-1.8908363969903932,-1.120741777412992,-1.6373535764599763,-1.0265058333722363,-0.4212648464358286,-1.7925177690724858,-0.8309221750328524,-8.863310507132372
0.2694489444518783,0.8780157359246812,1.6979768752260944,-0.13417819999333802,0.9026326935450287,0.48725037132751986,-0.6709226132087048,-0.5462286100472816,1.3128011468253695
2.588440846973423,1.2584611010147664,0.9444682741592416,0.21687784211725158,-0.7859967327728414,1.5521990045083716,2.3844477311336094,3.132239445872443,6.724481771214931
0.39946041035895247,0.9624150965571105,0.16293517541025415,-0.33887528275384926,0.25765022645458074,1.3535598265775228,3.185488803796316,-0.3710578379454625,1.1381546174964505
-0.6192509528169362,0.4769590500874098,0.15256284550181487,0.9427605727837423,-2.94663776610345,0.4372802520404956,0.33164309838889333,0.06613724304734997,2.83575659654828
0.8590949574849139,1.7453202689164915,1.4389127865543025,0.9120807579978871,0.17569981909219767,1.171885140710813,3.725668310654408,-0.0613613079155389,2.6099995367154474
0.5237095663781902,1.1750128593312836,0.679078397847724,1.219197131280274,1.4400235597778837,0.15563488804709097,1.1582662736324565,0.6386372203799907,5.017649434990613
-1.8107686065675128,0.18395613547302678,0.0480110447193271,1.7459690783374882,0.6698052695072252,0.29693808735584326,1.5740774883527475,0.05760534475893877,2.913159824065205
0.6423359669889559,-0.47071126537422614,0.4453999601687759,0.597052133592789,1.148523545433046,0.7926055415737624,0.6730057933837482,0.671593084518327,2.027199513219108
-2.7907409794430986,-1.45695953904632,-2.384630983168479,-0.07847154963244013,0.45763576356614094,-1.1747839107195637,3.594193040713434,-17.00964264526507,1.6904205824303347
-0.14313909743333939,-0.6000044639774204,0.974263375917798,2.2859586619209034,-1.346130984613941,-1.2177622264019239,-0.2095186696770488,1.0454612262234728,0.600984064766291
0.7101368896248059,-0.8694049267504472,0.30877834897131284,0.4515498855358722,0.5468583580969951,-0.2757812506463321,-0.2792704793859655,-1.112895418451427,-4.26957535261733
0.0750033483011048,1.0415908556482525,0.7584372996388344,-0.3650235630660461,-1.5757904199722148,1.2264359615022062,2.206018779959171,0.3342985256845653,1.8180974623834625
0.6216802480633107,-0.9605276463619856,-1.475386036242474,-2.8668131224948694,-3.0023991915006225,0.431593384986705,1.6579687484988643,0.3039041200364386,-7.214105356709847
0.10097798753577635,0.6941477656162692,1.1436106538425137,1.5370707114311002,1.9264279294236386,-0.43324232125853357,0.4655871083673318,0.8698237776435328,6.398880952898498
-0.07760460966958996,-0.021748002770432505,-0.8897347280120528,0.5499876336119208,-0.7889513446877412,-0.6129025537931697,-1.0831682552321706,0.3532925120722553,-0.018024989389711088
-1.182871285373355,-1.6984624297644806,-1.9568089647279339,-1.9391163212991187,-0.7673678729429744,-0.28187093380761646,3.4131596178517194,1.1290534806190593,-4.842149113264107
-0.36818710268634736,0.5625044195948279,-0.20204592349269168,-0.5728828073151444,-6.13038041565854,-0.2759345664051628,-0.751562281239532,0.4083802739119151,-0.6253234757888646
-0.7409691903595483,0.8709226055891247,1.1894567411806545,1.5016306863245406,1.732368288372905,-0.6253434698124823,-1.003343548749958,-1.5426915228714386,2.2832244379926117
-1.9620845029378662,1.3125071609039025,0.8655700350272649,1.408554445727336,2.356846191768323,0.7062882066983804,-2.502605009701232,0.9866560703159168,6.068255799974548
1.6064515846406247,0.5805228883350929,2.0742467739457244,3.8465055371922823,1.8455124530786535,1.0348271978227204,1.0950911003170107,0.34046551282122406,10.505415773665106
0.9844094867796103,1.2955508804216713,0.5545662786773256,0.8632512784361119,0.49433607694683157,-1.1232687761100464,-0.2873738808140158,-1.4263519907545086,-0.6827069476477157
3.194481968995703,1.6209653587048136,1.7683698569650577,0.06205348007942324,1.0332760211712164,1.9591850006977805,-2.5262904037060925,-0.3501430537497058,-0.05767001320075238
-1.6898395699848368,0.5009297136096438,-1.0654961743331106,0.4035589518838417,0.10327250269322663,2.1374083507003774,0.4153496275952514,0.351566240208869,5.3893750968780765
0.8080202698713028,-0.09305785241315198,-0.8472881365060358,-0.7415545758234452,-0.19321942312939133,-2.4059712742844526,0.12110595474742647,-0.8209015408194403,-2.50592616705659
2.1138395149678417,0.18892419212039918,-0.3641206999564343,1.3202873899907916,0.8628270686793885,0.2732855995647542,-0.26381764616453485,-0.7425073257980039,-1.5654018893696002
-0.9750596626355122,1.2288500882433329,0.5387933395238085,0.294970359945658,-0.8683697398232993,1.248025182329768,0.9611114670766845,-0.14187757689659103,3.6037580218817387
-0.6683532336988335,-1.6474957252489382,-0.7905668199862648,-1.0220275257732447,0.7333145853488536,1.3684492996816047,-2.170136849860661,-0.18230585561442042,-2.7836793396026853
0.6743011299535887,0.3991576200675866,0.19969797311603554,0.13786125291413232,0.3410277036752129,-1.669352135587441,1.4155273080924071,0.7690799828582223,1.9698355751412198
-0.36152356147054926,0.8117177051408225,1.2335532581376685,-3.1099495129303043,-2.381290347855727,-1.157774186179953,-1.2607265744542961,-0.9766470056717529,-2.609815278892277
1.7104326698178292,1.5711396090199001,1.6318306662209336,0.6979362493952636,1.3625798699670408,-1.4634446515913075,2.6566798450152684,1.6833896416626606,8.811900214575358
-0.3723228245451941,0.6210352747806637,1.1629076188284393,0.6464039910293495,0.8330875799592135,0.6395551194151223,-0.41409319723529475,0.43503006112328463,4.771028865220929
