PM25_ugm3,CO_ppm,NO2_ppb,O3_ppb,SO2_ppb,Temperature_C,Humidity,WindSpeed_ms,AQI
42.918,1.004,69.971,56.767,7.803,19.689,73.333,8.767,39.068
43.599,0.788,66.189,77.334,8.436,28.071,45.645,6.638,23.578
54.738,1.625,74.835,67.327,7.617,9.203,49.427,10.607,68.181
147.763,1.383,81.405,43.321,5.718,4.932,51.096,7.959,56.705
60.479,0.873,70.216,38.652,7.302,25.370,58.998,9.078,48.963
40.778,0.832,64.641,75.077,2.837,20.319,53.420,9.759,43.551
88.701,1.414,91.366,55.340,5.945,16.980,65.057,6.725,69.245
48.022,1.056,76.883,45.685,10.607,20.861,60.590,6.649,31.930
81.161,0.784,58.697,71.151,4.465,30.855,49.064,8.734,39.396
57.298,0.993,82.800,51.315,6.839,15.016,32.471,5.173,41.315
46.859,1.028,67.956,69.436,4.884,20.348,68.446,10.986,45.833
88.151,0.758,61.947,60.316,7.230,25.207,41.555,6.839,46.263
43.359,0.867,67.582,91.412,5.335,27.092,90.239,15.000,34.376
29.820,0.706,59.511,67.286,4.217,7.154,27.730,3.447,27.602
40.707,0.955,57.665,81.620,3.065,43.828,67.971,11.016,47.424
77.258,0.736,56.992,55.443,7.390,20.396,35.238,6.717,27.380
34.471,0.842,64.152,43.280,6.794,13.012,36.851,4.994,28.680
36.651,0.817,67.396,34.824,5.943,1.350,49.336,3.700,35.723
45.288,0.733,54.575,86.479,3.074,16.120,35.147,6.381,44.755
55.801,0.602,68.487,80.575,3.320,17.201,61.397,9.418,22.843
109.999,1.610,83.010,68.634,9.725,15.967,54.197,5.298,91.947
48.926,0.826,62.841,54.626,8.911,15.549,8.587,4.730,24.930
54.160,0.903,54.629,92.562,5.759,14.747,44.574,4.843,58.615
75.153,0.707,67.410,82.272,9.365,31.133,81.750,15.000,50.114
30.647,0.994,63.645,75.680,6.716,29.764,76.652,8.686,26.847
52.728,0.921,72.833,70.147,8.657,20.624,55.071,5.284,26.137
55.618,0.854,45.153,69.568,4.979,20.934,37.641,4.988,47.137
71.657,0.966,72.211,56.558,2.812,19.271,61.332,6.236,41.881
46.026,0.873,55.938,72.410,1.511,30.407,52.487,5.316,28.789
53.832,0.936,68.393,42.951,6.508,0.740,27.325,3.721,60.922
36.718,0.949,52.717,87.379,5.180,13.622,48.211,8.769,29.941
269.349,5.931,306.894,7.039,3.675,0.237,16.743,4.158,112.504
66.738,0.933,54.421,96.055,9.160,17.041,78.530,4.839,39.623
140.708,2.974,135.550,90.157,4.686,19.407,55.023,15.000,14.266
69.717,1.165,68.755,64.418,6.286,14.946,39.370,5.269,53.890
60.773,0.762,41.906,113.712,7.932,39.922,62.012,7.454,29.585
55.296,1.191,57.964,71.227,6.326,10.754,30.964,1.460,60.378
48.696,1.291,67.983,60.159,10.077,1.862,23.241,1.416,64.459
38.302,1.382,71.323,73.984,4.654,16.127,46.261,8.046,58.585
51.987,1.200,71.025,67.654,7.466,24.930,54.739,6.025,53.714
76.864,1.166,85.847,56.053,6.972,35.446,59.951,7.743,54.396
60.928,1.104,66.871,68.341,9.095,13.251,41.034,5.803,43.064
47.873,0.873,59.773,81.195,3.614,33.273,47.723,7.828,33.532
59.446,1.008,63.248,84.790,5.771,12.437,58.583,6.893,60.353
62.463,0.759,60.316,59.404,5.327,10.498,30.770,6.356,45.515
38.150,0.917,72.605,97.381,5.342,33.828,55.741,5.806,42.957
84.880,1.066,54.232,91.040,6.276,16.893,49.163,9.690,58.628
66.400,1.187,78.588,51.701,8.085,-0.693,19.007,1.174,53.316
68.794,0.988,57.644,75.427,4.375,28.237,71.325,8.442,47.982
80.748,1.185,44.022,89.851,8.992,24.178,74.797,8.793,61.160
49.239,0.962,50.528,87.382,9.420,12.124,18.589,2.997,23.832
44.325,0.892,90.989,60.209,4.572,23.722,43.162,12.191,49.084
47.535,1.220,65.897,66.335,7.903,22.319,62.890,6.261,59.547
54.842,1.171,75.373,49.323,7.008,24.067,54.579,4.496,42.063
128.352,1.216,80.446,35.669,5.878,15.488,9.353,8.251,74.342
57.741,1.110,72.402,64.303,6.033,7.748,38.015,4.247,27.751
44.192,0.810,50.645,66.051,4.581,30.227,30.096,6.291,39.936
60.686,1.223,51.997,116.613,5.047,29.573,58.665,7.752,55.424
49.768,1.106,61.015,112.682,4.933,23.165,51.649,8.566,46.879
65.289,1.258,77.317,63.318,4.551,11.475,54.719,3.147,55.782
61.768,0.838,55.217,103.475,7.122,30.067,45.987,6.093,47.658
52.025,0.836,51.247,57.255,6.888,-11.722,5.000,0.300,22.363
50.502,1.400,41.469,110.945,6.102,30.232,68.409,6.405,68.931
43.844,0.808,45.497,90.124,7.003,-0.049,14.940,2.920,35.150
54.435,1.254,67.266,71.631,2.132,14.267,50.541,4.113,64.109
82.335,1.244,93.497,23.369,3.960,7.106,21.946,2.172,62.755
114.241,0.979,73.268,44.206,8.431,-2.095,36.843,1.322,48.675
71.274,1.657,79.472,96.334,15.366,28.093,64.951,8.684,70.295
67.687,1.144,60.522,60.703,11.260,20.687,39.731,6.530,51.294
70.002,0.828,50.522,113.738,7.547,21.854,66.613,5.630,59.338
50.800,1.145,53.928,111.919,9.218,21.341,40.987,5.443,40.185
141.152,1.646,89.433,84.031,5.543,20.314,63.893,5.219,75.695
62.363,0.979,65.092,61.703,3.662,17.612,40.117,6.003,29.425
478.488,7.104,213.594,61.571,4.423,0.260,26.538,1.203,169.900
37.202,0.830,49.998,79.500,7.831,37.148,44.334,7.313,30.162
134.106,1.521,69.752,81.266,6.348,20.475,28.939,4.916,69.649
77.913,1.107,61.129,53.188,5.688,7.178,6.135,5.788,66.968
68.799,0.879,68.178,92.053,3.984,26.474,45.703,4.021,35.713
64.022,0.970,61.912,91.913,3.795,37.811,86.060,9.794,43.583
44.492,0.706,50.822,87.586,3.245,26.118,55.622,7.491,29.382
89.852,1.326,48.106,75.440,5.680,17.601,30.016,8.450,57.286
65.900,1.254,52.722,78.150,4.660,23.154,22.929,4.194,83.199
62.095,1.484,80.194,53.811,9.265,8.905,43.541,3.883,45.401
38.689,0.781,54.755,64.772,5.365,29.384,76.697,12.443,40.717
50.066,0.796,59.685,91.852,7.504,24.371,44.840,4.803,62.851
59.054,1.049,63.675,69.856,6.141,18.581,69.322,5.079,58.050
68.858,1.222,64.352,96.525,4.990,17.685,62.336,6.059,56.408
95.792,1.002,69.919,89.957,7.428,15.435,56.012,8.060,40.640
38.987,0.987,49.357,93.575,10.853,14.707,40.937,3.430,57.017
67.752,1.013,59.765,86.679,14.154,18.090,27.094,7.427,58.194
45.402,0.993,54.303,90.575,12.597,19.486,24.274,4.951,29.723
88.517,1.259,67.437,95.967,14.563,29.465,45.291,3.755,56.710
53.441,0.828,48.028,102.284,9.292,26.212,73.730,6.417,28.026
63.245,1.638,58.963,80.987,7.591,19.735,48.268,4.435,39.745
46.876,0.883,52.792,102.125,7.772,19.154,65.148,7.345,29.220
86.712,0.744,68.219,102.687,2.070,18.615,33.754,6.072,43.993
89.133,1.004,51.519,114.289,7.014,22.455,54.985,5.375,57.783
72.739,1.207,57.097,40.315,8.986,-8.698,22.670,0.300,51.535
55.356,0.956,54.138,100.549,5.475,21.694,54.856,7.867,58.716
69.954,1.027,57.938,74.368,3.663,25.893,54.616,8.297,58.121
42.787,0.732,40.045,104.148,4.750,27.210,44.133,8.501,34.092
75.131,0.813,64.530,33.957,7.093,-10.821,5.000,1.673,39.402
111.120,0.937,57.415,94.338,5.386,42.338,73.342,8.543,54.451
81.363,1.121,52.659,67.180,4.546,28.583,26.362,8.053,52.065
48.093,1.271,60.693,99.188,4.472,28.245,67.716,6.903,39.864
70.141,0.985,57.195,80.334,4.813,17.653,6.189,1.820,44.742
77.516,1.662,85.827,99.835,3.568,15.197,61.120,8.623,79.378
73.385,1.422,55.995,84.922,3.573,10.185,14.553,7.471,76.445
70.959,1.041,62.439,57.004,5.290,11.742,20.539,4.767,58.387
43.819,1.240,51.682,121.148,6.153,36.452,77.944,8.259,56.321
37.155,0.713,41.054,79.530,4.949,20.866,38.201,4.167,47.628
55.615,1.440,73.193,81.020,3.933,20.938,62.635,5.593,64.843
56.291,1.188,47.888,84.092,15.346,18.526,48.996,10.199,51.615
97.370,2.462,116.911,78.191,1.851,15.994,68.866,4.877,116.571
65.647,1.090,62.319,75.080,8.199,24.979,34.138,7.709,57.134
67.178,1.043,57.600,78.245,5.907,15.105,61.962,5.299,61.750
56.758,1.448,50.672,130.427,3.559,47.651,94.834,12.016,49.501
42.549,0.796,45.116,80.463,7.733,19.185,46.307,8.893,28.242
97.263,1.196,84.160,74.745,5.868,17.168,40.962,5.319,50.485
123.995,1.311,68.915,88.165,8.901,30.028,46.775,6.853,67.786
59.818,1.313,78.514,68.694,6.376,30.694,43.384,9.292,74.450
45.708,1.298,64.252,74.497,8.270,25.691,84.556,7.824,42.202
89.553,1.342,81.091,93.140,6.588,26.594,51.828,7.352,71.847
46.492,1.048,42.763,105.147,6.521,2.812,15.249,3.621,36.205
64.297,1.295,59.254,101.414,1.787,37.153,60.091,7.457,77.969
116.939,1.726,106.589,69.582,1.679,11.581,25.277,5.061,63.790
36.832,0.847,47.163,79.215,9.209,23.049,45.190,4.986,45.028
92.515,0.863,46.451,84.049,4.484,14.672,11.320,7.805,55.578
61.823,0.983,63.236,72.108,10.870,15.470,52.722,4.342,52.267
50.124,1.628,52.687,105.960,11.970,22.560,53.157,7.231,58.519
49.418,0.920,60.157,80.368,9.391,21.824,68.279,5.273,31.469
60.102,1.165,61.042,91.203,2.572,22.683,63.041,5.504,64.822
37.511,1.501,43.442,119.371,2.921,31.687,41.787,7.917,71.541
110.955,1.085,76.491,99.177,8.069,21.985,66.645,7.530,67.863
54.391,1.096,46.864,109.540,8.471,11.985,53.596,5.082,62.049
91.581,1.473,77.763,65.213,7.581,21.107,55.586,9.965,50.853
77.286,1.193,50.317,111.558,5.644,28.300,60.974,7.051,40.436
44.239,0.847,49.802,69.872,5.341,8.855,26.909,3.818,32.281
78.266,1.669,67.879,86.315,7.769,26.637,43.815,7.828,66.853
47.628,0.778,44.116,101.770,4.308,19.975,55.604,5.683,31.909
81.553,1.019,58.301,67.446,6.986,14.810,49.606,4.314,52.351
61.396,1.537,72.980,99.453,3.126,37.090,71.565,7.851,75.835
49.046,0.810,54.432,75.341,4.866,16.031,35.522,4.541,35.397
53.855,1.116,66.487,64.968,6.113,13.864,58.580,4.917,40.819
70.873,1.067,53.736,97.147,4.110,29.516,40.713,5.856,58.520
75.942,1.305,68.695,83.565,3.935,17.031,47.889,4.358,56.467
42.847,0.781,48.792,91.536,7.139,2.521,22.169,4.231,39.205
43.108,0.747,42.962,74.525,6.759,6.410,19.211,6.543,32.486
63.758,1.079,69.785,114.904,2.978,35.375,63.537,8.718,53.924
52.073,1.074,65.863,74.136,8.429,3.167,12.705,4.077,38.740
81.696,0.983,54.585,92.232,11.290,10.423,24.247,2.044,57.511
55.414,0.997,64.605,63.526,6.004,0.384,5.595,3.567,45.963
36.631,0.896,45.603,77.646,4.041,12.140,34.952,3.328,31.923
56.585,0.946,63.244,60.644,4.220,-4.072,36.881,3.148,49.701
51.462,1.129,53.625,106.159,3.152,37.957,64.930,14.902,41.861
40.205,1.227,70.770,112.016,5.544,33.100,56.589,7.765,45.152
78.308,1.550,94.632,57.328,9.499,10.083,40.874,4.897,55.711
66.706,1.178,60.782,108.274,5.237,39.479,75.680,9.551,36.408
87.938,0.914,56.372,91.859,4.180,38.562,59.604,6.039,52.100
71.844,1.130,77.995,60.886,9.646,12.259,35.743,6.397,64.090
45.690,1.008,51.903,82.267,8.326,-10.636,5.000,0.300,42.148
77.168,1.171,62.245,96.441,13.785,42.224,90.733,10.834,46.115
67.744,1.317,72.865,67.171,5.210,7.750,16.149,1.067,40.518
43.179,0.735,64.604,65.035,3.443,3.698,23.890,4.614,13.658
56.136,1.299,79.142,82.120,4.790,14.307,46.635,6.210,63.936
49.161,1.201,64.600,111.796,2.218,41.094,72.171,10.196,32.147
64.236,1.098,75.925,79.820,10.463,39.576,42.631,8.423,38.392
94.580,1.628,99.331,89.904,3.306,27.248,41.446,6.039,76.149
56.092,1.623,67.664,61.419,3.960,19.323,74.667,5.937,66.509
47.469,0.871,47.227,91.914,6.950,33.272,56.911,6.905,43.073
40.660,0.864,57.214,86.180,2.421,29.852,49.010,6.205,38.752
66.151,1.251,58.051,90.253,7.160,20.612,57.268,5.654,52.474
45.863,1.130,63.083,75.313,3.422,24.978,53.831,5.002,36.766
79.659,1.120,65.130,84.337,3.491,28.257,28.063,5.422,46.823
51.618,1.272,54.316,85.878,4.302,7.088,57.776,2.917,52.090
55.120,1.382,84.636,58.416,5.375,14.449,42.815,12.233,39.360
46.266,1.023,62.173,77.056,9.114,12.936,16.284,1.903,38.048
72.993,1.420,73.051,78.893,5.551,20.947,46.721,3.996,58.741
76.079,0.843,65.730,62.784,6.636,0.797,34.940,3.234,36.785
130.935,2.792,115.528,46.380,4.096,9.033,19.004,5.307,113.388
89.901,1.258,63.196,70.737,4.300,27.780,66.389,4.258,64.807
63.789,0.783,42.353,92.533,3.237,28.162,66.540,9.000,47.019
40.241,1.136,50.526,98.544,13.407,28.078,69.518,7.372,63.668
56.215,1.047,71.911,34.549,3.991,-1.159,14.188,1.097,31.564
48.553,0.870,58.513,53.133,2.949,6.622,21.698,5.335,35.564
101.494,1.125,78.199,84.031,4.114,25.854,80.078,6.649,68.545
52.628,1.106,70.120,93.336,8.940,9.663,26.368,2.598,33.245
79.402,1.287,53.776,71.135,9.936,19.956,39.179,6.977,46.561
74.241,0.810,46.032,88.107,12.720,30.389,54.720,7.075,35.522
115.116,1.016,62.233,53.699,5.018,1.216,56.286,6.594,74.536
50.946,0.993,47.667,95.875,5.013,21.390,67.378,6.122,35.317
83.019,1.061,88.984,35.915,2.066,3.826,35.010,3.865,61.642
160.273,1.527,80.269,36.166,6.356,8.594,63.931,6.305,76.365
44.281,0.884,49.761,102.151,6.816,23.044,40.037,4.705,29.676
45.375,0.959,80.890,34.875,5.042,-2.984,25.594,3.696,70.409
47.625,1.090,55.183,87.966,3.885,30.938,50.286,6.657,49.221
66.583,1.111,53.372,60.504,2.969,26.441,23.984,4.046,53.376
43.944,0.963,65.491,66.357,4.029,26.301,57.790,6.416,47.099
54.574,0.936,57.120,67.594,6.173,24.359,42.262,4.516,47.122
57.975,0.717,68.067,81.815,4.985,31.218,83.252,9.341,57.386
60.520,0.915,65.229,56.858,3.675,19.734,42.634,5.708,60.311
72.483,1.288,67.885,47.336,5.787,1.744,36.370,9.141,47.960
73.915,1.226,80.524,57.806,7.819,17.396,62.558,4.458,75.438
108.822,1.211,74.214,64.498,8.364,22.290,53.524,6.761,52.665
40.285,0.755,46.021,111.843,22.509,20.564,56.437,4.529,40.422
41.836,0.784,55.437,84.508,4.527,22.474,48.313,5.928,21.973
50.304,1.452,82.771,49.931,9.278,7.122,38.201,5.025,70.392
81.200,1.028,63.879,74.165,7.549,8.330,31.803,5.101,47.765
84.860,1.858,73.994,52.124,7.079,-2.892,27.838,4.434,67.447
202.635,3.709,200.000,31.895,5.392,34.403,73.356,10.332,168.955
97.409,1.052,70.081,54.253,6.357,10.435,13.954,1.532,67.420
58.395,1.555,84.580,47.391,4.768,4.786,33.664,3.257,79.219
122.988,1.158,73.485,37.533,10.721,-2.032,49.120,4.710,44.609
113.287,1.254,69.578,108.834,9.045,38.497,61.710,7.023,78.830
71.757,1.635,67.424,50.029,5.738,16.889,46.719,3.750,65.071
128.699,1.013,71.940,63.223,6.779,27.867,66.609,7.947,75.719
37.769,0.769,71.093,52.685,7.096,18.218,11.687,3.637,41.061
48.369,1.058,60.345,97.722,10.336,20.650,37.171,5.460,50.377
39.336,0.730,63.154,39.767,3.369,10.279,27.319,5.573,33.034
73.970,0.905,61.407,84.268,4.674,45.126,68.015,9.232,43.657
91.448,1.764,121.006,39.886,9.085,-0.621,21.191,1.277,70.399
64.876,0.666,47.873,107.301,10.398,23.563,43.522,4.707,26.284
102.652,1.248,84.221,55.654,2.392,29.849,48.417,8.996,55.660
62.799,0.684,63.453,58.915,4.733,16.216,67.783,11.258,46.945
59.525,0.913,55.109,62.600,6.231,11.236,42.394,5.886,28.852
56.232,1.229,76.675,61.320,4.619,7.904,54.379,4.454,66.824
43.793,0.884,76.618,58.905,4.310,17.892,47.148,9.564,40.946
85.205,0.718,51.488,69.275,4.171,17.719,55.902,5.828,47.391
71.906,1.095,58.959,88.540,5.862,19.632,73.598,9.583,59.694
60.818,0.929,76.424,77.786,6.153,37.608,77.013,11.174,52.434
46.840,1.036,56.332,81.104,14.004,10.950,55.181,3.774,46.614
40.259,1.273,77.068,45.073,3.080,-0.053,18.075,2.449,53.093
48.619,1.015,56.478,94.289,5.157,14.607,45.852,4.133,55.145
121.657,0.833,63.957,72.753,7.965,41.371,92.953,9.782,37.137
85.105,1.788,97.399,68.137,3.151,15.815,34.066,5.042,64.885
64.421,1.020,73.880,92.943,3.196,27.287,82.558,11.620,43.147
70.244,1.042,55.759,89.799,1.980,24.190,68.729,9.904,51.906
47.111,1.344,70.119,65.254,3.543,10.924,42.774,4.033,75.196
55.089,0.818,56.695,59.680,1.379,26.192,59.334,5.252,38.254
86.519,1.171,80.009,60.312,7.541,28.147,74.129,7.207,74.585
49.959,1.217,64.437,73.309,3.773,4.069,39.299,4.117,57.955
232.379,1.416,64.218,59.775,3.902,15.875,33.085,4.746,79.160
41.707,0.971,76.636,47.085,7.674,12.372,39.458,4.580,53.482
95.880,1.201,82.282,52.404,9.534,8.765,20.471,1.815,55.755
41.435,0.644,71.023,54.264,2.287,-2.879,40.257,11.808,34.334
69.556,1.384,66.114,42.291,7.094,1.209,24.145,2.375,46.640
62.252,0.804,61.838,88.754,3.567,18.481,31.796,7.762,25.647
44.528,0.941,46.282,83.928,15.976,6.472,23.325,3.924,48.931
87.969,1.443,96.818,46.875,12.703,20.836,52.473,4.459,75.478
41.488,0.904,76.148,10.238,5.933,-7.277,15.822,3.955,58.442
59.887,0.751,59.758,85.868,7.598,18.740,45.411,7.089,30.312
68.028,2.295,82.999,51.016,4.685,18.708,53.419,6.993,104.579
110.279,1.647,91.540,39.067,5.364,1.353,5.000,1.101,88.229
94.524,1.227,75.171,60.383,10.035,18.495,68.359,4.745,53.213
55.691,0.692,66.636,65.868,8.458,29.004,54.653,8.549,48.246
52.603,0.733,64.544,32.905,6.422,-2.337,41.237,6.350,44.654
59.511,1.208,88.959,73.026,8.166,29.406,71.322,7.327,64.353
41.766,0.851,52.112,94.098,4.096,18.484,46.298,5.384,61.042
96.137,1.045,53.198,64.999,6.240,8.254,37.262,7.111,63.656
106.179,1.032,82.874,51.639,9.644,14.169,45.164,4.398,32.017
43.501,0.656,65.188,61.805,5.824,20.701,52.981,7.182,34.783
53.628,0.828,70.489,63.436,9.703,12.383,50.004,5.586,23.897
28.398,1.153,57.038,51.044,8.960,21.558,54.680,6.878,46.941
81.242,1.277,62.035,71.732,7.590,8.916,26.756,3.180,60.023
64.613,0.790,64.292,66.126,3.651,7.793,60.406,4.966,33.866
118.464,0.740,61.069,40.194,3.100,4.005,6.054,1.225,34.563
73.055,1.843,85.406,76.980,3.881,20.886,32.363,6.239,71.667
39.364,0.592,58.750,38.419,6.800,9.130,21.301,4.891,25.011
55.803,1.066,59.292,70.669,7.291,9.760,21.782,4.674,46.978
68.914,1.397,73.494,50.479,5.455,14.672,71.179,8.428,60.765
70.441,1.190,95.162,62.068,4.507,29.298,68.091,6.504,59.188
36.210,0.660,66.362,78.908,1.775,21.277,36.174,5.221,28.452
91.088,1.756,80.594,48.475,8.917,6.133,21.573,4.922,88.813
69.332,0.926,62.271,49.560,10.970,13.015,36.551,4.618,43.876
39.156,0.693,54.443,76.326,4.660,37.994,60.005,7.104,40.932
100.313,0.978,87.228,64.697,3.841,14.803,35.543,4.367,48.337
85.020,0.896,77.397,48.318,3.745,32.487,83.507,8.656,71.407
53.975,0.968,64.851,60.736,4.747,15.826,44.007,5.575,48.419
53.871,1.014,63.284,60.607,2.750,8.394,47.979,7.547,61.824
60.372,1.759,70.362,35.937,5.670,3.831,25.472,8.322,63.931
48.458,0.935,54.352,73.753,3.207,9.396,46.576,8.701,38.077
62.619,1.095,76.625,58.091,2.531,15.337,35.159,8.598,46.877
58.223,1.345,111.162,28.889,3.739,27.805,53.196,9.923,80.410
67.993,0.754,74.297,53.417,6.985,35.186,61.586,7.364,35.119
78.713,1.596,109.141,23.282,8.043,1.892,33.265,2.564,60.099
88.396,1.289,62.637,39.286,5.460,-2.795,32.148,4.506,72.254
45.369,1.083,86.739,31.623,6.011,-0.944,9.951,0.717,47.234
56.626,1.031,80.583,75.654,3.514,20.561,60.180,5.495,44.760
49.004,1.022,63.454,55.198,9.500,3.732,38.063,2.206,39.286
41.606,0.665,71.538,5.000,7.421,-12.482,13.424,1.073,35.800
90.813,0.824,70.912,69.098,4.336,19.872,51.602,5.466,54.934
29.674,0.876,71.567,73.964,9.609,30.335,94.903,9.246,44.906
83.605,0.801,67.658,46.213,6.900,14.628,48.581,5.125,36.864
70.599,1.912,80.380,57.526,6.428,24.412,69.459,9.652,67.467
45.526,1.047,69.957,64.101,5.052,15.331,54.975,5.730,5.229
34.704,0.717,63.634,34.683,8.519,14.259,51.803,7.949,21.890
118.972,1.239,85.400,33.633,3.643,20.804,62.581,6.103,56.771
42.653,0.802,87.634,28.178,6.044,4.613,46.223,3.665,35.417
48.397,1.005,88.123,62.337,3.176,14.122,54.337,6.086,42.070
92.435,1.036,70.209,71.660,5.921,10.915,41.086,5.742,80.431
50.875,0.704,83.118,14.473,7.269,6.803,45.287,4.762,37.886
39.477,1.004,75.566,40.837,8.755,28.536,44.587,9.078,29.253
65.129,1.057,75.243,32.466,16.171,7.724,51.305,6.277,54.378
46.906,1.177,71.780,39.469,5.550,-0.599,37.735,8.048,53.681
78.299,0.869,82.195,31.733,9.355,12.296,54.198,5.990,32.429
79.154,0.828,83.763,41.026,6.398,1.810,35.400,2.558,45.713
78.791,1.393,108.572,11.519,5.233,12.125,51.112,5.442,65.371
54.403,0.706,78.676,41.187,7.263,20.046,30.726,4.146,44.552
118.804,0.883,83.612,65.731,8.294,29.097,77.150,6.715,31.996
48.727,0.813,75.602,30.835,4.202,19.264,54.436,5.327,42.661
38.153,0.767,61.310,44.921,2.848,12.543,68.884,4.872,47.807
72.801,0.982,86.936,34.918,9.491,13.567,70.183,5.678,64.912
147.277,1.123,84.203,50.867,8.554,33.390,68.281,6.681,48.631
49.034,1.045,88.012,37.937,2.662,15.017,49.751,7.092,43.444
63.326,1.184,95.461,9.536,11.513,11.965,45.509,5.686,50.266
206.242,5.600,227.490,10.274,2.330,0.728,25.043,3.740,128.618
57.072,1.026,80.675,18.119,15.739,-0.093,43.380,3.879,43.845
39.047,1.096,71.255,38.890,3.546,15.144,51.619,3.549,37.711
84.762,0.840,68.252,57.488,7.004,8.444,39.791,3.348,46.310
160.809,0.914,67.988,72.360,2.948,16.496,59.004,3.811,53.891
54.933,1.134,82.492,49.898,6.929,13.339,26.969,7.710,55.296
46.384,1.008,87.343,23.292,4.879,15.309,60.629,7.664,34.340
30.460,0.846,90.678,50.423,9.968,10.128,58.108,4.248,26.557
92.418,1.548,111.023,28.130,7.564,14.642,60.812,5.457,81.111
72.766,0.603,68.682,41.031,4.208,5.212,36.398,10.874,56.481
51.823,0.671,66.306,19.239,5.569,-14.550,28.750,1.804,51.290
68.090,1.161,85.500,45.495,3.066,7.301,36.636,5.151,51.620
53.146,1.316,92.057,48.799,6.160,3.752,49.423,4.166,66.500
45.339,0.895,87.634,28.060,3.575,-3.976,27.883,1.907,33.182
76.090,1.519,93.705,11.961,6.035,10.804,78.694,8.118,68.486
72.814,1.357,69.640,79.249,2.291,24.222,77.794,9.278,53.796
30.418,0.649,78.658,32.150,2.665,22.241,65.284,8.664,40.475
105.993,0.872,62.144,60.557,6.837,9.473,34.775,5.077,59.437
57.968,1.075,79.848,64.699,3.450,18.948,81.705,8.573,68.627
103.477,1.619,86.381,42.628,3.736,10.570,59.665,6.779,69.843
35.708,0.794,72.731,18.753,7.883,1.945,43.240,3.864,49.947
31.014,0.663,71.572,46.647,5.043,0.821,31.908,3.582,35.676
45.693,0.807,86.592,31.172,10.168,11.172,53.900,7.418,37.216
64.762,1.027,71.509,32.339,3.811,11.409,29.940,3.834,49.603
111.663,0.707,67.701,38.054,8.302,6.589,71.126,5.850,59.180
59.512,0.850,80.025,43.959,10.222,19.468,40.026,6.686,38.772
49.015,0.760,77.789,48.733,6.342,7.592,35.000,15.000,35.502
41.279,0.759,74.309,28.313,5.301,11.432,43.806,5.901,13.047
80.850,0.740,70.116,58.381,3.684,18.501,57.165,7.425,38.041
40.047,0.803,62.862,82.540,2.406,24.232,59.356,9.522,39.297
106.223,0.822,90.661,5.000,6.093,5.136,14.080,4.190,37.092
38.162,0.678,72.518,26.937,10.550,-22.366,15.878,1.477,22.598
94.586,0.635,66.144,71.309,4.352,10.500,74.357,7.070,20.238
59.323,0.638,91.404,9.326,5.366,-2.326,21.125,1.984,26.655
46.854,0.751,73.751,60.499,6.042,11.256,73.162,5.339,49.851
46.453,1.501,71.509,40.808,6.988,-1.317,24.625,5.718,46.051
66.644,1.233,94.625,5.000,5.719,-5.040,14.437,4.458,61.486
68.397,1.020,86.431,24.648,6.766,9.766,45.125,5.145,55.268
52.104,0.887,65.600,44.213,4.306,14.979,59.884,6.546,64.276
42.617,1.521,89.991,39.051,5.484,5.152,39.898,3.998,71.212
40.846,0.620,76.252,27.703,3.522,-7.086,5.000,6.362,39.837
180.794,3.736,202.589,32.021,5.486,7.773,31.756,5.075,90.360
31.329,0.905,76.682,30.292,7.603,17.010,56.003,5.745,37.072
64.902,1.005,79.724,32.804,3.712,-7.438,17.405,0.974,55.357
33.304,0.601,84.387,46.360,5.410,13.946,42.142,5.972,40.866
44.639,1.059,90.054,41.233,7.924,5.108,55.983,4.035,47.323
59.525,1.200,97.006,68.843,5.047,26.323,40.868,8.505,65.915
125.319,3.607,219.579,54.871,6.630,8.107,39.080,6.938,136.691
41.294,1.059,81.891,7.946,3.758,-3.298,33.302,3.161,44.418
49.579,0.911,85.161,48.461,6.009,15.094,77.865,7.363,41.778
432.707,4.098,182.038,54.749,4.481,9.851,46.929,8.157,108.768
45.697,0.756,71.967,33.733,9.597,10.296,44.126,4.512,36.018
55.358,1.115,73.959,37.962,6.369,10.323,25.184,2.605,60.668
59.571,0.861,72.311,17.548,2.183,10.444,48.106,8.608,39.838
47.469,0.652,60.161,33.264,3.995,-2.072,41.516,5.481,33.468
49.147,0.734,82.121,22.410,8.494,12.684,43.234,6.989,31.409
43.197,1.422,72.443,48.234,7.245,21.153,75.112,7.723,61.408
114.953,1.132,100.083,10.806,6.832,-7.305,25.106,1.327,52.390
127.069,0.980,89.611,21.927,4.901,-5.411,12.080,0.648,42.067
75.563,1.592,131.050,7.116,4.306,19.792,71.984,7.119,70.447
34.589,0.808,69.129,68.395,4.349,14.501,36.568,6.494,56.098
56.439,1.065,79.029,39.832,5.676,14.772,31.179,3.042,43.899
41.998,0.781,78.241,70.125,3.980,19.896,60.293,8.580,25.784
100.984,1.586,126.018,5.000,6.108,0.753,42.901,2.997,89.581
35.538,0.641,95.065,60.074,9.046,27.698,86.395,8.596,30.436
138.014,0.638,69.469,55.999,5.370,14.415,55.437,13.464,53.647
77.923,0.723,69.006,32.968,2.774,6.821,30.077,3.516,30.724
43.177,0.731,76.945,50.132,4.091,25.135,92.722,9.231,33.080
71.635,0.668,67.820,21.929,5.291,5.552,38.068,3.432,48.764
73.211,0.682,74.085,51.970,4.920,27.026,53.067,5.653,37.227
44.363,0.831,76.929,33.880,3.038,3.136,68.801,5.835,38.413
43.870,1.518,71.482,80.560,6.162,17.176,65.232,7.433,46.893
82.850,1.948,105.567,40.031,6.820,23.623,54.214,9.189,88.022
82.459,1.271,83.035,15.622,2.339,13.941,39.378,7.290,48.134
49.231,0.691,74.416,31.422,3.623,8.089,48.689,3.994,43.951
107.488,2.458,229.773,37.068,6.882,19.922,50.046,4.927,59.218
45.883,0.883,78.196,24.584,5.946,-5.069,32.812,4.440,42.298
41.410,0.612,74.798,83.947,6.246,27.447,82.300,8.095,38.260
78.940,1.442,98.547,34.943,8.647,6.886,60.776,5.889,66.770
142.863,1.312,93.419,27.648,2.695,6.122,40.028,5.377,84.267
33.486,1.028,64.299,47.797,6.315,12.477,55.864,4.735,57.905
50.557,0.882,79.915,13.579,3.533,-10.225,24.232,4.692,27.565
115.026,1.168,101.642,25.277,8.122,-1.793,37.098,6.672,57.369
153.007,0.920,78.760,40.851,5.462,25.297,68.222,9.662,62.886
61.346,1.111,100.714,32.217,12.438,0.578,32.709,3.204,40.704
50.526,0.528,71.071,15.619,4.264,-1.466,32.082,3.635,11.549
57.588,0.860,87.549,41.852,5.279,24.286,48.022,9.929,32.097
53.545,0.703,81.803,32.894,5.036,31.820,50.386,7.044,31.682
49.109,0.816,89.306,48.023,10.871,6.504,62.229,8.765,0.000
58.136,0.773,67.814,82.593,7.879,23.747,49.903,5.935,27.508
41.968,1.123,72.045,40.531,10.122,19.539,34.977,2.348,28.687
57.729,0.852,70.582,30.602,7.152,-1.662,21.687,3.956,51.599
52.587,0.780,66.104,81.516,5.025,26.702,86.249,9.777,46.675
49.543,1.089,77.116,50.013,5.360,14.946,35.760,6.359,49.833
138.759,0.879,82.498,20.876,5.109,8.632,42.193,8.681,52.297
51.411,1.012,84.363,48.481,5.454,28.544,53.304,6.754,49.412
40.501,0.879,52.521,86.176,7.286,17.823,44.737,5.589,29.903
419.335,3.024,176.166,43.970,7.543,15.597,37.651,9.553,115.153
57.611,1.920,94.616,54.822,8.829,33.785,93.940,8.505,76.278
48.560,0.864,89.684,27.687,3.726,10.208,29.472,4.884,47.899
43.430,0.829,68.007,53.395,5.085,18.120,76.392,7.304,45.591
93.900,1.379,96.186,54.567,8.156,9.778,21.401,4.034,69.562
55.983,1.239,80.504,33.474,8.269,4.235,69.582,5.102,55.637
53.888,1.069,92.247,48.744,3.551,24.660,72.491,8.324,48.729
43.769,0.992,74.504,38.752,4.389,19.871,57.594,8.737,41.184
81.713,1.655,107.146,54.004,4.852,20.406,44.015,7.191,75.952
79.925,1.385,94.353,45.801,6.299,18.782,71.088,7.803,62.978
56.725,0.798,89.368,48.409,7.383,-2.601,39.742,4.554,34.583
70.772,1.035,80.809,46.990,2.286,1.732,20.757,2.852,54.970
41.996,1.016,82.217,8.749,4.065,4.223,15.760,2.017,45.021
98.001,1.559,82.813,14.477,7.048,-10.202,5.000,0.892,81.644
50.010,0.777,61.879,66.146,3.736,25.357,87.319,8.114,17.896
99.395,1.072,89.203,22.071,4.295,-3.026,22.487,2.117,53.636
75.308,1.179,78.725,36.913,7.085,12.764,25.345,4.502,46.077
69.350,0.528,58.248,30.458,6.174,14.097,43.928,4.496,24.305
53.758,0.645,64.986,71.039,8.162,14.001,30.221,4.656,39.354
78.479,0.626,55.716,53.105,9.279,23.531,72.546,7.381,20.146
59.471,0.754,64.809,74.010,4.502,24.533,79.714,7.231,38.503
57.654,0.922,90.307,12.977,7.334,-0.703,25.425,2.843,42.232
177.393,1.314,101.698,46.297,3.921,16.318,52.287,9.155,62.057
72.389,0.808,87.634,38.773,1.617,15.105,54.611,4.670,41.694
87.835,1.281,108.288,13.863,10.059,2.676,39.223,7.097,50.849
31.966,0.719,66.281,79.336,5.891,38.055,66.197,7.172,53.968
28.378,0.553,57.247,46.253,4.035,15.096,61.835,9.225,37.112
54.894,1.216,83.045,59.572,4.116,7.632,62.009,5.413,53.446
62.083,1.295,78.126,69.973,4.289,18.728,31.697,8.036,52.299
46.772,1.036,74.162,61.964,6.691,21.747,87.676,7.147,49.647
41.923,0.511,66.778,39.443,6.005,8.503,55.401,7.014,33.611
104.016,1.048,65.520,46.365,5.202,-1.983,24.138,2.339,56.337
57.826,0.886,75.482,40.757,2.412,13.644,46.716,4.901,30.556
47.850,1.188,84.772,53.236,6.849,4.382,33.769,5.466,49.028
54.552,0.848,93.525,45.955,3.115,6.717,50.105,2.966,40.812
35.576,0.807,61.721,77.405,7.318,20.293,58.256,10.221,39.187
41.438,0.994,67.228,55.356,1.984,19.339,72.718,6.508,45.173
38.218,0.748,63.570,50.788,4.792,16.964,32.845,5.295,40.957
43.741,0.909,82.081,16.944,5.947,7.551,50.415,7.089,52.237
49.689,1.069,81.981,39.076,5.102,30.822,75.308,8.226,54.848
43.488,0.758,58.143,59.396,7.290,22.674,54.979,4.916,40.500
49.078,0.832,106.760,59.556,7.276,36.084,87.050,11.915,25.459
31.694,0.899,55.583,63.767,9.232,20.476,64.446,8.126,49.829
134.026,0.722,67.636,48.346,9.222,-6.533,5.301,5.536,55.950
274.205,3.285,200.507,43.704,6.701,16.261,60.884,6.357,77.571
40.909,0.690,72.453,50.000,4.272,24.634,49.257,6.120,31.962
49.806,0.846,66.939,54.870,5.131,30.296,51.551,7.410,38.640
33.827,0.648,72.854,79.541,9.447,22.474,56.244,5.892,26.684
144.534,1.666,117.404,30.780,3.704,1.711,40.892,6.179,62.750
126.394,1.112,57.882,51.084,5.167,-1.389,40.068,2.279,47.779
51.483,0.710,56.343,45.937,2.649,20.462,35.578,4.634,24.433
78.201,0.775,73.917,29.289,4.793,4.144,35.255,3.219,20.204
57.072,0.811,69.921,38.213,8.294,11.813,22.535,5.240,27.245
40.080,1.183,75.247,69.612,5.886,21.787,57.601,10.087,60.748
52.534,1.012,80.652,61.895,4.911,25.037,71.737,9.393,49.556
64.052,1.061,81.927,46.986,12.104,18.709,44.518,5.908,38.350
44.600,0.735,58.312,42.827,13.396,-4.883,55.886,4.557,27.896
45.135,0.875,74.487,85.027,8.953,9.073,52.636,6.867,53.608
52.211,1.176,78.816,60.978,7.476,24.113,64.579,6.434,62.328
46.264,1.001,44.824,81.112,6.155,13.530,42.765,2.956,45.245
43.619,0.750,65.173,61.157,5.806,2.444,38.902,3.769,47.534
58.389,1.111,87.104,28.287,8.814,11.511,50.873,5.023,40.640
70.724,1.312,95.502,57.152,4.775,1.338,39.004,5.658,61.251
40.368,0.774,64.931,56.273,5.196,17.447,60.179,5.962,20.098
83.117,0.944,71.120,32.813,7.107,18.291,65.057,4.586,41.756
43.952,0.934,65.246,80.148,13.573,21.528,43.890,9.523,42.541
161.651,2.382,152.782,5.000,10.031,-2.431,48.355,5.218,89.698
110.698,1.193,81.364,70.837,6.398,12.002,42.372,5.117,66.359
47.058,1.299,73.183,40.177,8.577,12.270,69.861,5.973,60.655
33.891,0.916,43.973,79.132,6.498,16.117,41.121,3.447,49.856
44.267,1.045,56.662,114.550,5.021,41.309,90.929,7.448,69.159
53.242,1.031,79.278,28.932,5.465,11.527,35.348,3.314,48.924
36.214,0.669,64.186,58.960,7.672,25.772,51.734,5.078,29.983
40.915,0.919,47.439,67.487,6.729,15.858,76.949,7.428,23.901
96.716,0.732,71.519,23.592,5.098,-0.326,16.142,1.228,45.031
61.135,0.843,76.060,39.331,3.642,-10.220,27.854,0.719,46.726
70.207,1.396,90.455,17.775,4.328,-1.781,19.835,1.073,46.302
46.616,2.133,83.711,50.141,5.431,23.196,55.944,8.355,78.866
49.760,0.847,62.949,42.801,6.598,20.250,18.372,4.710,38.311
71.202,1.251,94.731,79.445,6.578,38.100,88.826,10.474,61.102
63.914,1.315,65.209,47.974,3.501,7.294,46.436,3.343,65.031
45.022,0.744,52.928,83.003,11.436,24.857,25.444,5.237,30.451
84.439,1.423,100.223,49.614,2.027,26.946,74.763,7.038,64.540
136.896,1.207,70.891,78.669,4.824,45.931,85.266,8.388,68.193
65.705,1.005,60.359,91.850,4.733,38.051,67.035,12.629,44.939
51.856,1.484,66.161,89.132,11.502,30.374,58.716,14.121,57.444
48.056,1.457,58.826,75.203,5.145,17.740,70.883,8.075,66.715
42.457,0.661,46.063,79.638,5.821,31.666,60.836,10.115,29.619
99.236,1.397,67.562,63.895,9.382,20.939,75.327,7.441,52.302
81.737,1.699,104.243,24.586,7.244,11.850,29.558,2.651,85.401
46.638,0.825,52.090,50.605,3.414,2.885,24.615,13.786,27.007
60.657,0.922,80.233,64.751,5.450,8.549,63.895,4.061,42.959
41.261,0.866,78.664,44.724,6.257,4.952,37.561,5.887,41.937
36.214,1.499,62.994,33.889,10.168,9.300,43.218,3.602,62.744
61.520,1.296,50.719,102.879,4.550,17.114,80.625,6.318,58.934
51.345,0.860,56.123,103.230,4.613,26.623,68.646,7.928,11.534
62.721,0.763,82.743,34.689,5.098,18.481,54.057,5.221,29.875
39.640,0.721,79.571,40.043,5.674,30.357,83.224,7.471,34.528
92.803,1.239,71.397,48.167,6.129,7.567,30.145,2.413,57.297
46.546,1.074,55.008,84.461,5.212,10.617,50.822,4.351,52.591
114.103,0.925,64.588,53.606,7.650,1.993,31.640,8.884,61.453
33.876,0.690,59.179,42.482,2.916,1.755,23.742,3.414,36.408
59.649,0.836,61.383,70.495,5.236,12.525,48.724,4.991,33.356
74.738,1.134,63.456,63.235,6.973,15.123,28.247,4.045,47.197
52.127,1.458,64.687,80.436,6.031,30.386,73.583,10.224,76.274
52.665,0.794,74.865,58.979,4.013,20.786,34.684,5.548,35.880
92.412,0.905,66.414,40.282,8.471,14.562,32.287,2.318,45.306
46.057,1.102,74.327,50.165,7.120,39.956,72.760,8.463,50.447
57.232,0.658,52.564,80.975,4.742,17.242,88.303,10.652,46.377
48.422,1.733,71.788,78.939,6.940,24.186,59.282,5.308,60.273
41.606,0.836,63.215,76.430,4.094,8.251,52.237,3.741,33.678
115.762,1.066,68.197,56.590,8.935,10.790,17.082,3.303,40.175
45.577,0.847,47.837,71.193,4.273,14.775,44.969,3.839,35.706
35.597,0.884,47.832,78.418,10.296,31.583,55.893,7.826,43.834
45.378,0.882,64.362,97.939,13.737,34.460,88.259,8.933,36.871
143.501,1.121,63.394,70.259,3.347,28.259,61.204,8.125,78.541
47.085,1.011,60.796,70.348,5.277,10.686,38.115,3.143,46.147
36.415,0.731,64.938,31.096,6.671,-4.827,17.477,2.007,32.145
111.460,1.025,66.316,63.579,7.658,12.998,50.176,7.577,50.524
113.981,0.817,65.447,25.375,5.083,-10.390,37.973,4.767,33.011
56.077,0.860,60.989,64.524,5.681,16.223,58.809,5.085,39.459
34.518,0.823,52.918,52.368,1.871,7.873,44.360,3.897,39.312
138.674,1.133,53.487,77.766,2.184,13.427,12.030,3.110,60.889
108.826,1.281,65.647,43.761,4.984,2.300,12.059,2.582,64.376
67.586,0.879,65.744,73.787,6.072,26.159,57.171,7.481,36.042
46.407,0.941,52.995,70.926,5.784,19.559,28.370,3.788,29.598
66.058,1.051,90.223,46.627,4.725,2.219,40.208,3.754,47.750
177.736,3.938,178.169,29.992,9.468,-15.124,5.000,0.681,93.148
71.708,1.355,71.230,70.977,6.843,26.552,52.270,9.257,57.662
91.204,0.698,51.572,94.454,10.096,36.716,76.479,7.628,42.133
83.270,1.063,61.396,101.323,10.149,34.441,70.133,7.612,59.814
66.021,1.616,88.921,37.756,8.047,12.758,32.317,2.990,74.680
88.715,1.085,40.688,70.346,5.819,15.324,23.237,6.823,61.304
58.650,0.813,52.422,80.520,4.142,22.225,63.674,8.022,49.409
75.489,1.074,74.762,51.169,5.817,5.139,24.211,3.572,55.788
99.754,0.839,67.235,57.005,6.790,22.064,54.639,4.690,48.867
51.498,0.986,54.937,72.740,9.908,23.530,53.005,6.046,63.536
54.935,1.292,51.318,100.977,5.448,24.076,56.486,7.091,63.877
48.144,1.144,69.591,42.741,7.301,2.835,52.698,5.340,40.217
37.952,1.030,69.776,59.727,5.093,15.963,33.671,4.099,25.127
81.731,1.214,79.820,80.204,2.340,3.304,27.444,2.194,55.592
191.080,1.297,56.355,61.248,9.274,12.872,17.114,4.854,80.586
44.221,1.008,75.145,50.413,7.867,8.207,38.077,4.135,53.566
55.401,0.900,59.790,78.083,5.890,17.094,52.460,5.861,29.841
61.872,0.825,70.414,63.004,2.517,17.692,60.089,6.026,47.232
57.051,0.817,61.388,62.030,4.219,11.254,38.742,5.561,50.688
61.269,1.241,62.105,113.937,3.347,27.400,73.089,8.526,61.807
43.435,1.001,48.083,74.161,6.803,13.883,71.286,8.017,47.740
63.302,0.923,71.038,69.204,1.849,15.914,49.041,5.207,42.639
86.714,1.657,97.756,70.105,9.442,5.120,16.165,7.833,69.148
50.371,1.078,77.268,40.411,10.822,-0.512,5.000,3.432,55.501
88.563,0.838,53.974,81.313,3.680,19.225,60.651,7.404,50.474
95.855,1.330,90.392,42.677,3.073,23.056,51.684,10.701,57.600
55.580,1.160,60.046,86.750,9.709,21.454,38.663,4.139,77.038
50.202,0.625,45.576,75.343,9.234,10.708,41.693,5.015,17.353
80.245,0.766,50.561,86.912,11.778,24.224,56.380,5.070,39.040
53.722,0.864,53.096,101.281,9.408,4.844,5.000,2.622,35.491
76.978,1.154,64.139,81.631,7.896,9.109,48.128,5.421,58.545
54.933,0.961,59.688,90.599,2.489,26.490,42.155,8.458,24.985
119.259,1.424,101.779,33.445,4.805,6.135,20.438,1.543,81.041
67.665,1.116,59.718,86.308,4.179,19.052,42.828,5.640,61.706
60.526,0.905,56.229,60.705,4.193,9.171,23.176,1.588,45.548
55.842,1.077,79.569,59.554,5.533,25.526,49.838,6.939,44.309
51.167,0.884,62.723,83.036,4.064,13.647,47.710,4.246,48.850
52.563,1.141,63.492,67.230,5.198,9.448,25.975,5.345,53.490
60.851,1.250,74.862,76.682,6.947,27.919,72.605,6.695,63.930
41.156,0.985,41.716,88.574,5.388,16.451,30.736,3.179,42.322
63.117,1.416,81.492,46.826,5.542,8.046,35.976,5.987,58.431
152.963,1.007,58.389,99.598,3.899,20.083,67.587,5.505,71.026
94.656,0.915,48.949,116.184,2.226,30.368,71.905,6.268,55.365
139.509,1.050,61.298,72.709,6.272,10.772,23.517,3.187,57.767
91.114,1.799,99.661,52.214,4.269,8.529,61.454,3.909,81.084
62.989,1.160,54.805,77.114,9.506,26.574,54.517,13.192,53.432
47.999,1.308,59.826,94.569,4.189,24.873,46.772,7.044,60.163
44.977,1.427,52.944,90.014,6.535,20.270,45.640,4.870,71.684
42.849,0.962,49.488,108.530,11.428,18.047,22.523,4.865,41.006
102.103,1.100,71.967,64.438,6.591,11.964,7.009,2.340,49.451
48.046,0.791,51.544,81.439,5.117,10.267,39.152,7.330,40.811
87.786,1.247,55.619,73.806,9.127,3.887,28.617,6.941,53.855
67.814,0.978,60.863,44.791,3.106,-8.564,5.000,2.232,37.547
171.380,1.183,73.347,66.042,10.030,24.912,37.142,5.576,77.574
49.144,1.264,66.821,94.187,3.044,24.761,36.863,6.474,51.498
107.953,1.402,67.491,56.107,4.589,0.054,17.433,0.300,48.067
81.692,1.088,67.789,60.911,6.832,4.009,29.555,4.015,61.038
45.926,0.846,50.950,85.774,6.404,29.569,69.069,6.684,34.203
78.153,1.039,44.226,105.350,4.400,46.483,92.191,9.289,55.044
62.594,1.207,51.616,101.077,5.167,21.421,51.337,8.729,65.258
59.777,1.028,69.626,64.416,4.785,14.720,31.615,2.786,48.955
55.614,1.209,68.399,54.919,6.415,11.730,38.847,3.496,31.814
44.924,0.848,42.461,114.197,5.804,38.209,73.221,6.845,19.668
152.933,1.722,62.654,72.975,1.951,13.760,31.354,3.045,76.872
77.177,1.248,88.322,73.798,7.848,8.783,25.485,2.244,57.753
80.988,1.142,65.830,80.885,6.229,8.292,16.878,4.304,67.168
81.642,1.556,84.917,55.291,7.128,7.760,27.774,2.539,71.130
44.497,1.024,54.321,69.352,4.259,14.984,58.925,4.581,70.531
76.074,0.706,57.629,83.959,4.265,36.289,84.200,9.975,22.647
36.836,0.754,50.935,101.645,7.123,29.187,48.238,5.069,36.547
265.056,5.851,211.415,67.929,9.933,21.573,29.594,5.577,119.253
237.301,6.143,205.858,79.111,13.931,29.460,44.353,4.128,135.819
60.167,0.912,56.230,71.440,6.168,0.768,18.352,2.211,61.680
59.985,0.983,64.397,92.669,6.277,31.650,54.510,11.080,64.027
60.150,1.036,39.654,91.478,2.012,13.261,29.906,3.870,48.623
124.964,2.039,105.457,60.541,5.910,17.138,62.287,4.593,98.989
77.244,1.407,56.317,108.409,7.433,44.428,95.000,14.132,64.313
49.598,0.941,60.396,83.362,3.406,25.281,56.853,6.264,31.883
64.180,1.271,57.321,63.195,5.785,10.698,23.127,2.990,55.957
97.201,1.052,68.871,93.985,5.179,5.409,40.648,4.028,49.987
82.194,0.956,56.692,85.701,9.594,27.008,64.051,8.463,47.169
40.813,1.012,55.720,101.243,6.457,29.879,51.123,8.594,36.054
71.205,1.172,69.643,87.669,2.880,7.363,32.623,1.075,56.568
75.524,1.809,90.026,97.425,5.232,33.037,44.131,5.678,79.732
78.343,1.324,83.332,48.052,6.724,12.809,22.048,3.226,66.365
155.587,1.497,84.835,85.639,5.035,37.725,82.606,8.016,79.066
45.007,0.916,51.860,93.869,3.239,30.438,57.389,6.702,57.568
42.340,1.569,60.075,74.890,7.278,15.506,44.551,3.550,84.961
75.561,0.940,53.493,115.583,5.704,26.967,63.800,6.905,43.644
46.279,0.979,59.468,79.933,2.682,24.417,31.544,4.312,53.206
65.946,1.264,76.630,83.090,8.330,34.055,39.246,10.948,77.217
62.681,0.873,46.025,103.647,4.519,23.745,57.412,5.245,52.961
74.400,1.404,77.054,73.953,5.096,8.675,35.557,2.514,69.879
55.179,1.365,55.595,85.840,4.741,9.761,43.903,3.187,40.428
72.866,0.891,61.535,83.810,6.676,38.922,62.201,11.389,38.018
59.136,1.172,66.984,54.484,6.953,12.213,5.000,6.095,47.589
54.343,0.711,51.028,73.572,4.716,18.151,41.516,6.274,49.286
64.748,1.302,70.482,76.914,7.831,9.356,13.516,2.147,50.925
66.722,1.369,70.516,80.749,6.217,22.060,33.177,8.362,59.183
49.816,0.769,42.338,112.472,8.136,36.507,60.417,9.128,45.968
60.504,1.421,45.329,73.314,14.573,4.111,6.614,2.429,53.671
168.078,3.645,180.323,93.328,2.490,21.204,46.913,5.682,90.203
83.163,1.999,90.645,102.630,6.141,29.133,62.193,10.006,85.942
46.833,1.081,63.960,78.793,2.503,21.414,26.792,6.771,56.030
50.597,0.793,47.114,79.311,8.778,24.956,51.792,9.279,44.131
48.221,0.896,47.973,108.747,5.244,12.919,13.817,7.055,49.403
45.930,0.926,54.207,122.580,7.989,21.189,62.020,5.316,45.887
52.658,0.679,40.694,109.012,4.109,23.510,53.706,4.709,18.515
62.900,0.913,54.181,90.137,4.148,28.720,58.922,5.904,44.976
75.402,0.879,61.766,93.442,9.249,44.602,74.140,10.517,44.304
60.625,1.138,59.739,115.180,3.223,36.446,95.000,9.363,59.141
98.283,1.826,95.461,68.585,8.061,37.898,51.069,8.809,74.594
82.987,1.166,76.109,72.014,5.104,19.918,67.875,5.254,55.278
65.553,0.866,58.810,69.395,2.110,22.176,41.018,5.222,42.557
41.302,0.925,45.912,93.389,3.478,11.650,19.889,3.322,35.073
117.880,2.049,109.882,71.341,2.714,15.536,36.565,5.000,79.092
65.859,0.900,53.264,75.441,6.738,12.842,33.562,7.691,47.773
60.272,0.938,72.311,64.069,9.386,19.801,52.772,4.288,53.916
41.848,1.376,67.473,79.086,8.134,32.369,55.093,7.579,49.694
64.097,1.270,59.928,58.333,5.730,14.907,18.639,1.938,53.210
155.462,0.938,53.732,103.754,4.090,31.137,50.962,7.115,66.304
50.642,1.025,65.422,92.017,8.632,34.163,59.564,6.942,55.158
47.022,0.970,50.555,98.883,4.850,20.741,54.844,4.273,46.461
65.368,1.092,53.827,42.228,6.878,-11.410,14.562,3.859,54.176
61.614,1.046,54.478,91.643,6.748,5.609,30.391,3.858,54.870
85.659,0.968,67.777,91.437,4.838,24.211,80.881,7.169,56.156
48.258,0.980,47.067,96.765,5.927,17.831,44.450,5.628,34.043
71.847,0.824,54.859,57.143,3.973,-1.434,31.781,2.222,61.110
94.178,1.461,92.060,61.161,8.550,11.487,47.886,3.344,69.651
44.377,1.072,42.768,91.747,4.110,19.958,57.399,7.241,53.926
78.419,1.310,67.658,88.853,10.424,26.114,62.263,5.443,52.073
102.321,1.588,75.717,58.394,8.067,19.672,47.769,5.584,69.488
67.879,1.607,59.036,60.061,4.869,13.024,37.301,4.590,70.951
43.990,0.855,56.834,62.555,3.684,5.311,26.610,6.092,21.070
75.424,1.070,76.837,50.043,7.467,9.300,28.889,7.998,41.451
50.483,0.953,52.512,89.250,6.851,37.761,82.352,7.434,35.236
55.404,1.564,44.155,85.943,5.522,20.537,45.590,4.108,51.782
52.396,1.570,74.245,84.784,7.873,39.334,79.645,7.153,64.839
85.698,1.690,83.855,72.101,3.978,40.769,63.291,7.084,71.215
102.159,1.157,67.525,83.852,4.208,29.559,68.892,9.146,71.336
75.201,1.549,77.223,70.668,8.703,13.506,27.253,5.776,56.268
53.864,1.036,67.095,85.779,5.945,17.857,54.733,5.978,49.554
46.513,1.040,43.664,69.416,4.201,25.769,52.839,5.444,35.651
58.358,1.286,43.045,83.385,6.776,11.032,37.681,2.242,38.911
96.070,1.044,67.204,75.472,4.995,23.649,50.423,6.136,58.411
62.784,0.904,61.325,62.911,10.932,3.297,22.749,4.728,50.652
56.206,1.133,70.780,72.907,5.127,23.699,56.696,7.928,55.379
182.311,0.928,87.747,41.449,8.596,11.012,35.146,3.601,47.150
61.802,0.914,50.702,73.630,3.852,20.496,34.772,6.525,44.004
100.609,1.285,67.765,79.439,6.646,20.702,46.023,5.311,67.723
59.554,1.486,61.475,53.228,7.213,10.906,23.488,4.926,71.507
67.604,1.402,48.928,79.444,3.782,25.742,40.824,6.430,66.583
93.159,1.215,71.221,69.871,10.934,19.912,43.057,3.810,67.832
84.439,1.140,59.920,65.322,6.366,18.719,69.224,8.228,64.202
92.005,1.272,77.763,61.938,6.544,-5.546,21.856,5.470,62.061
84.287,1.037,85.196,55.314,7.186,25.013,45.671,4.120,55.069
47.901,0.760,60.502,91.113,3.226,26.905,82.696,13.219,46.357
51.598,0.940,78.854,37.541,4.341,3.739,33.475,3.311,46.195
58.125,1.225,46.872,79.545,10.434,16.100,35.148,5.010,65.788
90.124,1.256,68.029,75.376,4.547,21.480,40.466,8.724,67.772
50.070,1.021,75.175,74.801,5.577,16.268,24.281,5.529,39.837
80.122,0.820,61.910,66.630,3.324,20.935,40.563,8.231,29.308
112.660,1.323,73.897,52.921,6.960,32.792,48.403,5.182,63.018
37.479,0.662,65.076,45.710,5.316,28.249,63.822,5.551,17.737
37.075,0.730,54.473,77.691,5.729,22.978,67.644,8.319,34.279
45.997,0.858,58.925,87.499,5.794,26.503,55.589,8.863,39.492
67.438,0.967,72.895,63.185,5.992,15.285,31.620,7.833,59.099
42.431,1.031,74.360,82.002,7.938,23.900,55.574,7.363,50.226
124.720,1.463,81.583,93.777,4.314,31.942,79.070,9.004,80.952
55.700,0.861,47.834,72.811,6.021,19.131,34.051,4.511,35.702
80.879,1.407,96.393,8.026,2.685,2.365,19.104,9.598,76.380
47.318,1.100,61.718,81.487,7.393,28.099,61.445,6.871,56.495
39.758,0.778,66.209,63.799,4.724,8.555,51.638,6.391,40.121
57.050,0.741,65.793,30.867,2.923,-0.643,5.000,1.101,18.114
47.281,1.453,71.528,94.364,4.829,24.211,57.603,7.443,72.261
81.104,0.882,77.164,53.068,3.564,7.122,50.707,3.832,62.582
71.758,1.524,78.301,73.500,3.873,22.964,36.107,10.320,65.681
305.527,2.300,75.693,70.970,6.613,18.125,51.275,6.253,124.562
163.504,0.872,70.199,52.872,5.174,16.133,47.913,9.826,50.298
52.611,0.866,65.532,98.883,8.545,30.439,53.179,5.354,25.141
54.511,1.039,60.384,66.018,5.531,18.780,52.341,4.733,40.526
79.725,1.477,74.458,71.697,7.679,6.631,61.330,7.432,82.229
106.689,1.160,48.922,78.569,4.383,14.618,24.722,6.179,69.122
35.926,0.850,50.928,82.978,5.573,19.166,74.311,10.140,29.908
46.245,1.246,76.120,64.671,6.271,17.224,59.888,5.083,46.505
160.128,3.200,251.616,28.363,7.323,2.532,26.796,2.019,116.292
66.940,1.557,59.635,64.605,1.213,25.578,77.541,7.361,54.219
63.998,1.449,62.102,72.694,10.196,3.456,30.457,2.886,55.689
83.841,0.867,75.264,59.925,11.223,15.796,78.579,12.834,40.317
41.523,0.848,48.527,103.246,7.813,25.293,50.691,5.164,25.789
34.938,0.757,49.766,98.528,2.470,43.441,83.787,8.894,28.321
74.948,0.864,67.982,39.005,2.291,0.640,76.014,3.567,37.241
35.818,0.948,65.944,49.052,4.876,6.992,42.717,4.722,31.382
42.837,0.972,71.111,61.812,3.496,18.144,43.200,4.789,55.640
50.961,0.687,58.414,64.211,7.848,14.808,28.824,3.449,22.546
82.106,1.068,92.396,34.877,2.451,13.838,60.642,6.231,48.747
60.286,1.738,66.797,50.760,8.741,-1.401,7.732,1.628,62.655
53.056,1.081,63.768,76.226,9.477,7.614,24.772,10.971,46.907
64.645,1.147,76.473,25.309,9.257,2.701,56.781,2.150,41.124
72.709,1.292,104.974,35.514,5.322,21.295,63.814,7.203,57.161
52.932,1.878,73.974,82.449,4.164,30.542,69.513,15.000,77.710
35.855,0.934,47.584,51.476,6.567,10.879,42.550,6.899,53.527
56.802,0.693,67.135,88.920,2.324,16.757,37.478,13.647,30.460
56.638,0.728,61.696,76.416,6.125,13.660,57.787,10.974,52.983
57.217,0.796,62.846,55.827,8.627,20.596,66.157,7.567,29.718
54.380,1.032,58.524,74.604,5.933,21.731,41.022,4.393,43.914
48.078,0.888,72.328,54.196,4.744,17.997,46.207,4.646,57.571
39.900,1.356,78.589,53.049,3.841,11.353,63.582,7.002,83.754
55.541,0.885,60.540,81.055,5.976,29.124,42.317,8.250,58.364
92.507,1.060,64.328,39.534,5.210,22.271,43.277,5.718,48.539
116.032,3.030,163.113,57.204,7.335,27.822,44.339,8.385,76.078
37.313,0.841,85.221,10.335,4.925,-12.751,5.000,1.275,43.698
49.185,0.824,81.454,39.292,2.098,28.961,61.116,5.896,40.003
84.060,0.725,53.767,67.707,10.980,4.630,18.075,6.806,30.870
62.400,1.157,87.308,32.056,3.445,-2.499,18.197,1.382,53.794
39.916,0.870,55.745,59.931,5.382,29.847,46.265,5.438,32.447
97.705,1.986,118.605,57.635,7.472,40.409,74.746,10.273,73.991
61.078,0.975,77.907,52.311,2.738,10.888,26.751,4.673,42.071
141.039,1.016,64.788,105.627,5.830,35.969,64.249,8.569,61.809
56.236,1.839,69.129,76.913,6.818,37.334,74.361,8.753,82.943
60.462,1.043,71.619,49.119,8.216,33.523,69.867,7.440,43.131
54.433,1.008,67.665,78.942,7.544,33.074,84.116,10.529,44.171
57.305,0.961,77.375,65.641,3.837,25.207,57.983,7.133,51.904
97.318,2.155,138.374,5.000,5.096,23.945,19.847,4.677,89.045
73.680,0.978,58.925,53.121,3.212,-2.951,23.337,0.934,51.227
72.419,1.503,83.101,47.390,7.664,20.515,42.121,7.825,64.669
47.350,0.745,70.289,37.823,9.094,14.014,26.485,2.320,36.720
42.930,0.960,62.866,85.845,15.197,42.561,72.233,12.222,31.136
118.211,1.523,115.590,16.975,5.688,10.705,39.662,4.251,71.834
64.593,0.816,73.611,70.292,1.293,17.566,61.775,6.217,54.706
76.659,1.406,92.409,54.738,4.657,13.393,47.813,9.914,63.743
86.915,0.963,69.901,41.569,6.995,12.386,29.752,4.263,39.330
44.691,0.727,54.190,92.387,3.521,35.552,58.553,8.993,49.321
51.684,1.332,87.134,33.202,4.160,0.657,36.997,5.500,62.785
60.113,1.137,69.266,101.507,13.329,17.746,65.277,7.044,60.227
46.325,0.977,73.446,40.974,3.942,16.971,52.108,3.861,49.352
54.234,0.865,59.229,33.801,7.058,0.126,30.064,3.281,28.539
33.304,0.750,66.105,41.336,8.639,13.016,24.047,5.546,39.521
39.316,0.877,59.286,56.726,7.720,16.330,35.609,7.518,52.307
36.538,0.790,65.199,45.422,5.917,7.545,47.909,5.915,30.146
57.637,1.520,92.089,35.376,6.184,4.420,48.142,3.344,43.431
50.828,1.142,87.218,5.000,7.152,-1.898,16.023,12.520,51.684
41.826,1.026,65.969,46.267,8.332,3.542,61.520,4.929,44.163
169.781,4.001,165.362,52.308,4.276,5.630,15.921,0.914,57.579
49.982,1.230,70.113,52.185,1.941,22.490,65.597,6.277,57.028
69.148,0.932,77.826,61.719,4.184,19.772,57.172,4.298,49.934
60.268,1.048,79.902,22.439,7.095,1.014,5.727,1.153,32.244
70.224,0.991,88.766,39.077,7.540,10.709,45.117,3.878,65.461
50.512,1.089,73.071,37.254,7.809,9.328,46.445,2.474,54.214
56.315,0.884,61.044,44.259,8.835,17.914,45.403,6.875,21.390
79.728,0.701,74.330,74.280,5.443,33.001,56.343,6.798,46.502
67.891,0.817,93.338,8.819,5.145,-7.060,19.562,0.575,47.902
50.212,0.925,63.697,46.793,4.598,16.371,48.724,4.312,55.077
60.703,1.074,73.984,58.711,4.738,5.463,41.885,3.693,42.658
43.106,0.748,56.860,98.406,7.124,21.044,57.092,5.919,44.632
45.453,0.868,63.640,49.679,6.828,21.802,31.020,6.071,36.121
62.943,1.102,76.399,56.311,4.731,8.871,36.344,8.995,44.416
169.480,4.207,213.515,49.574,6.688,2.568,58.775,7.432,74.825
67.818,1.158,86.401,51.641,7.862,3.611,25.849,6.431,33.990
42.230,0.810,72.000,55.698,6.515,19.953,57.250,6.438,41.831
40.678,0.789,66.690,70.174,7.294,16.708,47.139,4.556,33.708
49.617,1.158,87.764,41.957,9.762,35.059,95.000,7.786,20.435
32.037,0.983,69.782,57.841,3.855,-7.430,62.014,6.820,42.890
39.758,0.851,84.205,24.468,3.697,3.791,33.753,2.622,48.632
53.319,0.770,64.427,35.753,7.788,-0.265,20.201,2.524,23.774
38.401,1.075,64.480,14.974,10.407,-10.832,29.175,0.886,37.343
63.681,0.989,57.511,48.005,4.411,-1.865,9.783,1.307,50.610
54.671,0.899,81.528,30.038,7.874,21.207,55.098,13.781,14.440
33.889,0.828,62.638,75.180,6.387,20.607,42.818,7.770,31.444
81.130,1.090,99.284,12.958,10.428,-7.964,30.015,4.252,54.978
64.897,0.827,60.561,69.081,7.721,20.719,58.746,7.429,34.942
39.235,0.792,69.241,34.861,4.092,5.787,40.610,7.041,22.057
57.417,1.773,67.824,62.396,4.021,15.663,44.648,6.291,58.908
60.881,1.246,111.104,22.345,7.922,18.993,83.533,12.830,36.553
55.604,0.911,87.436,38.787,6.786,17.628,60.901,6.342,34.903
50.227,1.125,84.953,18.581,8.874,12.556,62.442,5.087,57.456
26.217,1.026,65.580,40.541,10.126,1.006,46.063,4.520,65.322
47.982,1.087,72.463,8.679,1.842,-15.179,5.000,0.577,46.571
59.470,1.046,86.856,32.907,4.872,-0.538,37.693,6.627,54.762
46.005,0.982,76.276,14.442,5.494,12.127,49.491,11.277,31.661
56.648,1.254,90.363,62.315,4.256,2.971,24.784,3.198,34.330
42.174,0.787,82.279,32.096,3.788,12.832,55.650,4.655,53.439
75.005,1.145,95.074,37.083,4.006,7.784,60.148,5.198,46.347
95.074,1.739,119.699,5.000,13.187,3.214,43.703,6.984,81.899
54.192,0.775,76.876,25.334,8.152,8.606,44.230,4.693,37.797
39.272,1.143,78.632,62.330,4.876,12.240,25.595,4.352,58.309
102.297,1.202,86.511,21.492,6.505,17.981,67.020,6.207,66.043
61.538,1.782,98.013,18.792,2.205,3.517,36.002,1.596,74.134
56.570,0.790,70.180,70.042,4.819,23.261,60.364,9.764,42.076
78.387,0.833,69.266,25.605,2.714,10.786,47.311,4.521,53.141
58.521,0.837,67.055,63.627,7.984,9.589,27.237,5.231,36.688
42.961,0.645,51.270,75.177,3.619,24.435,49.200,8.577,46.806
39.125,0.714,69.238,59.809,6.895,15.818,60.875,4.504,25.998
69.380,0.588,66.174,45.465,1.964,16.570,63.964,6.197,32.765
31.930,0.805,60.876,37.059,8.525,10.366,51.951,5.526,40.470
39.884,0.831,70.480,44.020,5.639,6.168,36.353,3.200,20.746
47.873,1.066,84.358,51.984,4.092,20.422,50.389,5.433,59.680
107.638,1.221,107.648,15.279,6.136,3.617,35.915,14.071,63.888
50.753,0.607,69.832,63.194,5.920,6.667,43.981,7.653,64.922
52.369,1.066,86.009,45.325,2.085,6.513,51.575,8.060,67.623
44.527,1.199,91.143,49.907,6.181,5.131,32.852,9.027,50.868
42.045,0.943,71.265,60.638,5.153,5.929,53.062,4.480,59.668
51.943,1.020,73.730,43.929,10.762,-14.830,13.598,0.791,55.114
66.877,0.704,65.906,43.007,3.773,8.740,35.994,3.385,38.480
42.768,0.839,71.009,34.045,4.913,10.845,44.982,7.605,20.230
104.507,1.570,76.572,66.504,6.317,14.091,46.613,6.485,57.468
76.069,1.062,89.575,16.439,13.233,0.096,19.371,2.349,49.653
81.928,0.844,80.475,47.208,5.220,23.556,71.540,7.359,37.521
95.690,1.913,123.626,5.000,13.726,-0.712,38.437,3.245,83.271
44.013,0.647,83.054,43.647,18.444,20.521,49.927,7.373,45.041
33.123,1.310,62.585,36.725,5.087,10.749,49.355,9.173,59.866
39.333,0.661,65.987,42.964,8.126,4.245,36.102,3.597,24.312
55.600,0.825,74.372,51.229,8.092,35.079,68.996,12.262,46.995
83.509,0.694,71.642,34.342,4.885,2.295,23.211,2.709,29.180
53.958,1.266,83.507,51.035,10.794,20.707,78.332,8.378,41.893
65.482,1.410,95.323,18.565,6.956,13.720,55.714,11.092,62.576
44.052,0.849,74.791,39.566,8.642,6.735,11.445,7.350,30.279
31.516,0.789,73.845,47.372,5.283,28.084,63.437,6.842,26.881
67.410,1.249,84.485,25.502,4.839,9.112,38.984,3.828,64.019
37.394,0.639,69.355,43.473,4.511,14.328,46.576,5.802,36.187
54.130,0.919,76.586,26.775,7.444,11.924,54.317,5.504,37.090
46.417,0.806,77.171,35.637,9.740,12.387,33.317,5.667,20.421
31.738,1.406,61.581,54.939,10.003,25.108,46.931,11.372,47.300
74.121,1.282,111.346,33.446,6.176,20.775,52.892,5.572,75.889
76.065,1.547,105.904,5.000,2.860,-12.244,12.164,1.412,75.687
40.317,0.839,69.622,46.504,7.808,18.582,91.721,6.967,50.569
38.281,0.689,79.614,5.000,7.430,-2.814,33.119,5.086,33.318
59.407,0.824,78.929,34.898,9.482,16.172,49.104,12.627,35.228
109.433,0.847,76.084,33.172,5.144,22.966,46.346,7.434,54.881
59.823,0.953,91.479,26.832,4.740,-2.547,28.087,1.889,56.830
110.408,1.470,119.944,5.000,4.941,1.268,60.519,5.921,62.657
35.433,0.681,78.669,24.541,3.640,3.444,33.514,4.088,23.483
47.169,1.011,62.401,40.302,5.812,11.475,41.930,4.384,28.153
32.506,1.257,65.066,43.478,8.870,2.742,38.456,7.708,43.052
31.070,0.682,77.214,29.774,7.148,20.437,70.234,12.940,35.854
40.823,0.777,70.450,45.509,4.835,24.780,70.552,8.155,28.109
111.629,1.292,100.701,54.372,5.103,28.629,86.643,8.166,71.408
69.431,0.858,81.973,38.594,5.556,5.698,20.170,3.509,61.898
56.771,1.097,68.854,55.666,4.723,15.262,45.473,5.224,48.535
35.841,0.731,82.395,36.653,4.971,-7.373,12.910,1.692,33.745
62.772,1.047,92.616,15.686,3.486,0.583,37.850,2.904,52.190
111.380,2.128,124.879,46.153,5.251,17.266,66.626,5.613,85.376
51.212,0.854,57.795,63.904,4.179,23.676,80.306,7.741,32.225
30.882,0.635,80.598,22.445,7.504,-7.362,37.297,1.898,22.873
53.205,1.162,87.509,23.708,4.749,5.454,50.412,4.190,37.745
60.086,0.994,78.973,54.576,3.313,11.812,65.446,5.638,54.403
91.304,1.401,111.314,35.595,6.438,14.487,51.415,6.133,58.378
39.792,1.120,87.748,19.693,4.176,-4.110,29.617,3.221,57.523
46.457,1.009,85.153,42.493,4.490,11.685,42.717,5.861,49.113
58.901,0.930,84.437,22.922,10.582,0.900,44.602,6.504,42.373
84.162,1.579,89.182,30.360,5.276,21.056,51.743,5.070,75.210
74.685,0.999,100.471,31.899,8.940,14.816,42.996,13.737,37.780
69.058,1.136,82.119,46.204,2.540,11.444,58.142,5.036,43.340
54.938,1.119,85.575,18.459,3.977,6.148,38.414,5.035,54.879
49.914,1.467,85.180,20.871,9.304,16.963,30.161,3.682,36.606
64.664,1.577,103.526,36.110,9.083,1.672,39.248,5.713,66.396
89.943,1.022,66.106,72.230,5.205,14.046,28.954,6.926,57.372
91.206,1.251,76.359,33.626,6.721,0.698,35.360,9.102,71.325
69.799,1.136,72.431,88.284,11.675,17.045,82.558,15.000,68.179
74.316,1.333,87.879,15.429,5.497,11.999,66.257,5.579,55.701
51.914,0.639,72.555,34.838,6.424,9.618,58.196,5.061,39.145
46.814,1.106,72.012,42.554,9.478,13.208,52.994,6.467,38.759
44.987,1.017,72.722,45.726,4.036,8.680,44.149,4.913,39.440
106.616,0.774,78.580,46.106,3.195,22.274,60.310,6.587,57.223
57.432,1.668,92.292,32.385,4.309,13.682,53.490,8.402,66.498
105.284,0.754,83.726,40.465,3.906,15.614,28.366,8.480,44.820
47.336,0.769,82.546,28.159,7.821,12.885,43.857,5.987,24.757
79.721,0.689,74.666,22.052,7.369,-3.713,27.727,1.472,41.639
45.047,1.042,76.342,25.157,7.906,-10.226,15.698,1.894,52.673
69.291,1.051,78.862,39.079,4.259,-1.345,32.673,3.767,56.072
83.655,1.554,112.908,54.661,2.833,12.731,42.278,4.668,56.383
34.029,1.297,87.090,63.465,4.535,21.498,58.946,12.188,62.221
57.029,0.771,85.244,52.710,3.485,35.304,58.649,10.572,26.432
77.493,0.780,87.754,24.553,4.964,12.716,73.581,7.235,38.934
65.634,1.211,94.129,30.636,6.425,25.437,33.331,6.383,36.144
36.900,0.884,72.045,16.772,6.179,-18.501,18.885,0.397,36.679
55.737,1.380,71.017,35.101,10.094,10.155,39.640,8.171,47.119
55.805,1.061,76.861,43.955,11.886,2.810,20.269,4.258,43.210
64.712,1.117,65.862,53.950,4.654,4.177,30.795,12.899,51.246
70.286,0.650,85.424,32.062,6.100,6.548,49.461,5.129,43.042
54.252,0.958,68.232,44.092,5.438,8.868,40.831,5.420,50.991
132.308,1.097,86.187,20.101,5.407,-4.364,7.117,0.300,35.431
49.275,0.743,58.246,59.671,7.249,11.259,63.949,7.440,42.213
47.093,0.752,89.362,15.813,5.874,-4.134,28.763,4.640,37.040
31.213,0.844,72.171,38.996,5.904,7.966,42.691,7.428,30.291
63.095,1.176,94.273,66.159,6.420,26.345,95.000,10.884,43.188
37.758,0.838,76.582,21.156,3.917,3.917,32.512,2.634,35.373
69.888,0.765,68.779,29.363,6.022,-11.499,5.000,6.278,41.721
64.307,0.837,80.757,40.429,5.155,13.885,45.331,13.973,43.963
65.673,1.466,82.396,83.233,3.370,28.516,57.309,6.103,60.894
55.582,0.788,65.022,67.091,3.602,36.123,75.436,13.332,11.607
63.022,1.085,74.958,20.714,3.413,-6.454,27.427,2.153,43.366
130.156,1.529,113.307,27.513,7.312,22.968,45.114,7.022,60.506
62.345,0.564,65.749,24.603,11.670,4.498,57.375,3.853,50.703
59.201,1.201,57.778,43.840,7.391,17.379,27.734,10.630,52.027
58.754,1.000,76.337,92.408,7.237,32.710,93.641,9.373,53.537
58.158,0.730,52.018,68.916,3.248,-1.580,24.228,2.297,43.849
78.261,0.771,64.896,44.315,4.907,17.809,50.144,5.571,42.575
45.960,0.939,77.992,42.420,9.925,15.917,52.669,5.572,36.940
47.551,1.073,75.416,45.477,8.856,17.089,62.819,8.130,40.268
37.449,0.973,78.039,48.883,8.553,18.459,38.390,4.406,21.150
52.953,1.387,57.964,56.933,5.009,11.016,44.647,7.092,58.981
94.955,1.064,80.443,10.870,4.430,6.877,51.689,10.932,53.780
52.684,1.026,78.587,34.803,3.650,18.960,45.277,7.656,43.765
33.515,0.991,82.556,25.062,2.924,18.461,58.920,7.152,41.270
77.340,1.386,98.361,35.129,7.981,16.397,64.202,5.832,48.325
64.855,0.721,61.683,49.428,6.985,5.172,14.380,3.994,34.287
53.964,0.720,61.807,71.449,7.583,13.626,62.287,6.170,29.417
54.009,0.633,75.876,29.204,6.622,11.714,45.369,3.969,38.006
47.297,0.833,74.718,53.390,3.199,25.847,50.867,11.969,37.883
39.617,1.132,86.819,41.721,5.311,14.993,57.517,4.092,40.287
63.245,1.146,79.982,26.684,4.414,0.983,9.885,5.034,49.082
47.765,0.870,79.478,77.708,5.790,24.065,62.810,6.575,29.853
140.598,0.626,65.015,29.866,12.062,8.258,33.160,5.600,40.184
88.277,1.292,86.230,45.994,10.426,9.824,45.406,2.784,65.494
42.588,1.115,65.939,35.453,5.517,8.456,36.684,2.791,32.931
63.214,1.146,96.755,73.129,4.524,34.330,67.608,9.096,50.594
56.697,1.116,69.604,22.493,7.834,1.420,5.000,0.300,40.932
53.300,0.856,71.850,90.868,4.507,41.592,95.000,12.651,26.445
316.591,4.491,213.685,73.224,3.981,23.093,65.424,7.591,145.965
58.586,0.893,77.003,43.746,6.267,15.115,47.676,4.546,53.861
49.319,1.174,83.991,30.854,4.367,16.438,40.476,9.123,42.890
140.911,1.149,94.450,38.150,6.317,14.621,61.593,5.553,58.496
54.437,0.975,75.068,58.033,4.748,23.116,50.864,7.582,23.460
75.951,0.930,91.437,47.926,4.265,20.747,66.974,6.528,29.043
47.413,1.051,60.832,67.319,1.855,20.402,50.276,6.871,34.182
79.804,1.573,92.453,26.794,6.717,16.069,54.194,4.663,66.150
54.575,0.703,65.538,45.083,6.272,9.670,45.223,3.986,33.332
65.451,1.723,106.200,36.909,8.418,11.506,34.015,4.967,74.233
130.532,0.877,82.847,27.703,7.955,2.867,44.372,4.673,57.603
81.560,0.630,59.387,57.046,4.665,24.797,43.330,7.214,38.232
45.972,0.839,81.175,47.452,3.176,21.089,48.104,7.312,26.775
36.400,0.697,59.799,33.937,6.379,-12.453,5.000,0.398,35.795
67.093,1.152,98.018,29.201,8.236,20.393,76.975,5.240,56.803
54.759,1.049,54.381,65.306,7.184,21.476,31.792,5.149,42.213
206.070,3.064,188.221,91.231,5.998,16.316,70.589,4.947,41.163
47.008,0.713,49.442,58.932,7.138,3.547,46.308,3.395,46.269
63.228,1.099,55.264,89.461,7.648,26.890,59.227,6.710,50.990
84.216,1.056,62.201,56.294,4.427,22.168,70.364,5.978,22.268
57.479,0.761,67.490,42.088,14.688,1.687,27.591,13.583,58.321
51.590,1.559,78.167,60.332,5.510,9.556,41.179,7.324,59.139
103.244,1.123,89.556,23.408,4.087,10.394,28.239,2.079,79.263
115.980,1.027,67.576,59.624,7.345,3.450,28.373,1.153,59.056
279.202,1.060,59.195,82.716,5.157,10.542,47.087,5.231,77.504
42.468,0.922,60.502,68.454,4.800,26.118,64.390,6.784,41.972
55.110,0.842,82.577,36.843,4.875,15.370,59.158,8.897,31.604
28.233,0.724,61.575,43.421,6.054,15.063,69.606,10.117,31.372
87.120,1.592,101.942,39.714,6.709,28.656,67.535,7.033,88.392
57.827,1.354,89.754,48.373,3.816,17.198,57.854,5.277,47.957
123.478,0.801,85.019,49.093,4.298,4.022,48.072,5.678,53.587
50.462,0.974,59.279,90.434,6.896,20.382,74.372,11.001,37.221
45.204,1.035,66.934,89.797,9.438,22.306,53.881,7.224,44.425
39.178,0.778,60.832,66.874,10.193,29.066,47.369,7.771,54.773
36.808,0.808,59.074,75.195,9.625,14.246,63.778,7.115,41.911
65.690,0.997,66.146,69.139,5.269,18.895,45.001,6.311,54.130
29.508,0.746,56.158,38.631,10.873,17.076,57.818,7.302,32.234
53.162,0.834,65.232,52.177,6.779,34.128,45.066,11.312,64.739
68.374,1.414,89.351,31.256,4.328,9.514,59.266,5.636,50.412
54.569,0.935,74.796,31.074,7.107,-3.357,26.648,5.209,26.847
106.209,1.325,59.218,76.898,4.269,9.838,57.374,3.979,80.734
67.565,0.988,73.214,36.896,4.373,10.672,6.330,2.846,42.071
